1, RSU35
1, RSU35
1, RSU35
1, RSU35
1, RSU35
1, RSU35
1, RSU35
1, RSU35
1, RSU35
1, RSU35
1, RSU35
1, RSU35
1, RSU35
1, RSU35
1, RSU35
1, RSU35
1, RSU35
1, RSU35
1, RSU35
1, RSU35
1, RSU35
1, RSU35
1, RSU35
1, RSU35
1, RSU35
1, RSU35
1, RSU35
1, RSU35
1, RSU34
1, RSU34
1, RSU34
1, RSU33
1, RSU33
1, RSU33
1, RSU33
1, RSU33
1, RSU33
1, RSU33
1, RSU33
1, RSU33
1, RSU33
1, RSU33
1, RSU33
1, RSU33
1, RSU33
1, RSU33
1, RSU33
1, RSU33
1, RSU33
1, RSU33
1, RSU33
1, RSU31
1, RSU31
1, RSU31
1, RSU31
1, RSU31
1, RSU31
1, RSU31
1, RSU31
1, RSU31
1, RSU31
1, RSU31
1, RSU31
1, RSU31
1, RSU31
1, RSU31
1, RSU31
1, RSU31
1, RSU31
1, RSU31
1, RSU31
1, RSU31
1, RSU29
1, RSU29
1, RSU29
1, RSU29
1, RSU29
1, RSU29
1, RSU29
1, RSU29
1, RSU25
1, RSU25
1, RSU25
1, RSU25
1, RSU25
1, RSU25
1, RSU25
1, RSU25
1, RSU25
1, RSU25
1, RSU25
1, RSU25
1, RSU25
1, RSU25
1, RSU25
1, RSU25
1, RSU25
1, RSU25
1, RSU25
1, RSU25
1, RSU15
1, RSU15
1, RSU15
1, RSU15
1, RSU15
1, RSU15
1, RSU15
1, RSU15
1, RSU15
1, RSU15
1, RSU15
1, RSU15
1, RSU15
1, RSU15
1, RSU15
1, RSU15
1, RSU15
1, RSU15
1, RSU15
1, RSU15
1, RSU15
1, RSU15
1, RSU9
1, RSU9
1, RSU9
1, RSU9
1, RSU9
1, RSU9
1, RSU9
1, RSU9
1, RSU9
1, RSU9
1, RSU9
1, RSU9
1, RSU9
1, RSU9
1, RSU9
1, RSU9
1, RSU9
1, RSU9
1, RSU9
1, RSU9
1, RSU9
1, RSU9
1, RSU9
1, RSU9
1, RSU9
1, RSU9
1, RSU9
1, RSU9
1, RSU9
1, RSU9
1, RSU9
1, RSU9
1, RSU9
1, RSU9
1, RSU9
1, RSU9
1, RSU9
1, RSU9
1, RSU9
1, RSU9
1, RSU3
1, RSU3
1, RSU3
1, RSU3
1, RSU3
1, RSU3
1, RSU3
1, RSU3
1, RSU3
1, RSU3
1, RSU3
1, RSU3
1, RSU3
1, RSU3
1, RSU3
1, RSU3
1, RSU3
1, RSU3
1, RSU3
1, RSU3
1, RSU3
1, RSU3
1, RSU3
1, RSU3
1, RSU3
1, RSU3
1, RSU3
1, RSU3
1, RSU3
1, RSU3
1, RSU3
1, RSU3
1, RSU3
1, RSU3
1, RSU3
1, RSU3
1, RSU3
1, RSU3
1, RSU3
1, RSU3
1, RSU2
1, RSU2
1, RSU2
1, RSU2
1, RSU2
1, RSU2
1, RSU2
1, RSU2
1, RSU2
1, RSU2
1, RSU2
1, RSU2
1, RSU2
1, RSU2
1, RSU2
1, RSU2
1, RSU2
1, RSU2
1, RSU2
1, RSU2
1, RSU2
1, RSU2
1, RSU2
1, RSU2
1, RSU2
1, RSU2
1, RSU2
1, RSU1
1, RSU1
1, RSU1
1, RSU1
1, RSU1
1, RSU1
1, RSU1
1, RSU1
1, RSU1
1, RSU1
1, RSU1
1, RSU1
1, RSU1
1, RSU1
1, RSU1
1, RSU1
1, RSU1
1, RSU1
1, RSU1
1, RSU1
1, RSU1
1, RSU1
1, RSU1
1, RSU1
1, RSU1
1, RSU1
1, RSU1
1, RSU1
1, RSU1
1, RSU1
1, RSU1
1, RSU1
1, RSU1
1, RSU1
1, RSU1
1, RSU1
1, RSU1
1, RSU1
1, RSU1
1, RSU1
1, RSU1
1, RSU1
1, RSU1
1, RSU1
1, RSU1
1, RSU1
1, RSU1
1, RSU1
1, RSU1
1, RSU1
1, RSU1
1, RSU1
1, RSU1
1, RSU1
1, RSU1
1, RSU1
1, RSU1
1, RSU1
1, RSU1
1, RSU1
1, RSU1
1, RSU1
1, RSU1
1, RSU1
1, RSU1
1, RSU1
1, RSU1
1, RSU1
1, RSU1
1, RSU1
1, RSU1
1, RSU1
1, RSU1
1, RSU1
1, RSU2
1, RSU2
1, RSU2
1, RSU2
1, RSU2
1, RSU2
1, RSU2
1, RSU2
1, RSU2
1, RSU2
1, RSU2
1, RSU2
1, RSU2
1, RSU2
1, RSU2
1, RSU2
1, RSU2
1, RSU2
1, RSU2
1, RSU2
1, RSU2
1, RSU2
1, RSU2
1, RSU2
1, RSU2
1, RSU2
1, RSU2
1, RSU2
1, RSU2
1, RSU3
1, RSU3
1, RSU3
1, RSU3
1, RSU3
1, RSU3
1, RSU3
1, RSU3
1, RSU3
1, RSU3
1, RSU3
1, RSU3
1, RSU3
1, RSU3
1, RSU3
1, RSU3
1, RSU3
1, RSU3
1, RSU3
1, RSU3
1, RSU3
1, RSU3
1, RSU3
1, RSU3
1, RSU3
1, RSU3
1, RSU3
1, RSU3
1, RSU3
1, RSU3
1, RSU3
1, RSU3
1, RSU3
1, RSU3
1, RSU3
1, RSU3
1, RSU3
1, RSU3
1, RSU3
1, RSU3
1, RSU9
1, RSU9
1, RSU9
1, RSU9
1, RSU9
1, RSU9
1, RSU9
1, RSU9
1, RSU9
1, RSU9
1, RSU9
1, RSU9
1, RSU9
1, RSU9
1, RSU9
1, RSU9
1, RSU9
1, RSU9
1, RSU9
1, RSU9
1, RSU9
1, RSU9
1, RSU9
1, RSU9
1, RSU9
1, RSU9
1, RSU9
1, RSU9
1, RSU9
1, RSU9
1, RSU9
1, RSU9
1, RSU9
1, RSU9
1, RSU9
1, RSU9
1, RSU9
1, RSU9
1, RSU9
1, RSU9
1, RSU9
1, RSU9
1, RSU9
1, RSU9
1, RSU15
1, RSU15
1, RSU15
1, RSU15
1, RSU15
1, RSU15
1, RSU15
1, RSU15
1, RSU15
1, RSU15
1, RSU15
1, RSU15
1, RSU15
1, RSU15
1, RSU15
1, RSU15
1, RSU15
1, RSU15
1, RSU15
1, RSU15
1, RSU15
1, RSU15
1, RSU25
1, RSU25
1, RSU25
1, RSU25
1, RSU25
1, RSU25
1, RSU25
1, RSU25
1, RSU25
1, RSU25
1, RSU25
1, RSU25
1, RSU25
1, RSU25
1, RSU25
1, RSU25
1, RSU25
1, RSU25
1, RSU25
1, RSU25
1, RSU25
1, RSU25
1, RSU29
1, RSU29
1, RSU29
1, RSU29
1, RSU29
1, RSU29
1, RSU29
1, RSU29
1, RSU29
1, RSU31
1, RSU31
1, RSU31
1, RSU31
1, RSU31
1, RSU31
1, RSU31
1, RSU31
1, RSU31
1, RSU31
1, RSU31
1, RSU31
1, RSU31
1, RSU31
1, RSU31
1, RSU31
1, RSU31
1, RSU31
1, RSU31
1, RSU31
1, RSU33
1, RSU33
1, RSU33
1, RSU33
1, RSU33
1, RSU33
1, RSU33
1, RSU33
1, RSU33
1, RSU33
1, RSU33
1, RSU33
1, RSU33
1, RSU33
1, RSU33
1, RSU33
1, RSU33
1, RSU33
1, RSU33
1, RSU33
1, RSU33
1, RSU33
1, RSU34
1, RSU34
1, RSU34
1, RSU35
1, RSU35
1, RSU35
1, RSU35
1, RSU35
1, RSU35
1, RSU35
1, RSU35
1, RSU35
1, RSU35
1, RSU35
1, RSU35
1, RSU35
1, RSU35
1, RSU35
1, RSU35
1, RSU35
1, RSU35
1, RSU35
1, RSU35
1, RSU35
1, RSU35
1, RSU35
1, RSU35
1, RSU35
1, RSU35
1, RSU35
1, RSU35
1, RSU35
1, RSU35
1, RSU35
1, RSU35
1, RSU35
1, RSU35
1, RSU35
1, RSU35
1, RSU35
1, RSU35
1, RSU35
1, RSU35
1, RSU35
1, RSU35
1, RSU35
1, RSU35
1, RSU35
1, RSU35
1, RSU35
1, RSU35
1, RSU35
1, RSU35
1, RSU35
1, RSU35
1, RSU35
1, RSU35
1, RSU35
1, RSU35
1, RSU35
1, RSU35
1, RSU35
1, RSU35
1, RSU35
1, RSU34
1, RSU34
1, RSU34
1, RSU33
1, RSU33
1, RSU33
1, RSU33
1, RSU33
1, RSU33
1, RSU33
1, RSU33
1, RSU33
1, RSU33
1, RSU33
1, RSU33
1, RSU33
1, RSU33
1, RSU33
1, RSU33
1, RSU33
1, RSU33
1, RSU33
1, RSU33
1, RSU31
1, RSU31
1, RSU31
1, RSU31
1, RSU31
1, RSU31
1, RSU31
1, RSU31
1, RSU31
1, RSU31
1, RSU31
1, RSU31
1, RSU31
1, RSU31
1, RSU31
1, RSU31
1, RSU31
1, RSU31
1, RSU31
1, RSU31
1, RSU31
1, RSU29
1, RSU29
1, RSU29
1, RSU29
1, RSU29
1, RSU29
1, RSU29
1, RSU29
1, RSU29
1, RSU25
1, RSU25
1, RSU25
1, RSU25
1, RSU25
1, RSU25
1, RSU25
1, RSU25
1, RSU25
1, RSU25
1, RSU25
1, RSU25
1, RSU25
1, RSU25
1, RSU25
1, RSU25
1, RSU25
1, RSU25
1, RSU25
1, RSU25
1, RSU25
1, RSU25
1, RSU25
1, RSU25
1, RSU25
1, RSU25
1, RSU25
1, RSU25
1, RSU25
1, RSU25
1, RSU25
1, RSU25
1, RSU25
1, RSU25
1, RSU25
1, RSU25
1, RSU25
1, RSU25
1, RSU20
1, RSU20
1, RSU20
1, RSU20
1, RSU20
1, RSU20
1, RSU20
1, RSU20
1, RSU20
1, RSU15
1, RSU15
1, RSU15
1, RSU15
1, RSU15
1, RSU15
1, RSU15
1, RSU15
1, RSU15
1, RSU15
1, RSU15
1, RSU15
1, RSU15
1, RSU15
1, RSU15
1, RSU15
1, RSU15
1, RSU15
1, RSU15
1, RSU15
1, RSU15
1, RSU15
1, RSU15
1, RSU15
1, RSU15
1, RSU15
1, RSU15
1, RSU15
1, RSU15
1, RSU15
1, RSU15
1, RSU15
1, RSU15
1, RSU15
1, RSU15
1, RSU15
1, RSU15
1, RSU15
1, RSU15
1, RSU15
1, RSU15
1, RSU15
1, RSU9
1, RSU9
1, RSU9
1, RSU9
1, RSU9
1, RSU9
1, RSU9
1, RSU9
1, RSU9
1, RSU9
1, RSU9
1, RSU9
1, RSU9
1, RSU9
1, RSU9
1, RSU9
1, RSU9
1, RSU9
1, RSU9
1, RSU9
1, RSU9
1, RSU9
1, RSU9
1, RSU9
1, RSU9
1, RSU9
1, RSU9
1, RSU9
1, RSU9
1, RSU9
1, RSU9
1, RSU9
1, RSU9
1, RSU9
1, RSU9
1, RSU9
1, RSU9
1, RSU9
1, RSU9
1, RSU8
1, RSU8
1, RSU8
1, RSU8
1, RSU8
1, RSU8
1, RSU8
1, RSU8
1, RSU8
1, RSU8
1, RSU8
1, RSU8
1, RSU8
1, RSU8
1, RSU8
1, RSU8
1, RSU8
1, RSU8
1, RSU8
1, RSU8
1, RSU8
1, RSU8
1, RSU8
1, RSU8
1, RSU8
1, RSU8
1, RSU8
1, RSU3
1, RSU3
1, RSU3
1, RSU3
1, RSU3
1, RSU3
1, RSU3
1, RSU3
1, RSU3
1, RSU3
1, RSU3
1, RSU3
1, RSU3
1, RSU3
1, RSU3
1, RSU3
1, RSU3
1, RSU3
1, RSU3
1, RSU3
1, RSU3
1, RSU3
1, RSU3
1, RSU3
1, RSU3
1, RSU3
1, RSU3
1, RSU3
1, RSU3
1, RSU3
1, RSU3
1, RSU3
1, RSU3
1, RSU3
1, RSU3
1, RSU3
1, RSU3
1, RSU3
1, RSU3
1, RSU3
1, RSU3
1, RSU3
1, RSU3
1, RSU3
1, RSU3
1, RSU3
1, RSU3
1, RSU3
1, RSU3
1, RSU3
1, RSU3
1, RSU3
1, RSU3
1, RSU3
1, RSU3
1, RSU2
1, RSU2
1, RSU2
1, RSU2
1, RSU2
1, RSU2
1, RSU2
1, RSU2
1, RSU2
1, RSU2
1, RSU2
1, RSU2
1, RSU2
1, RSU2
1, RSU2
1, RSU2
1, RSU2
1, RSU2
1, RSU2
1, RSU2
1, RSU2
1, RSU2
1, RSU2
1, RSU2
1, RSU2
1, RSU2
1, RSU2
1, RSU2
1, RSU1
1, RSU1
1, RSU1
1, RSU1
1, RSU1
1, RSU1
1, RSU1
1, RSU1
1, RSU1
1, RSU1
1, RSU1
1, RSU1
1, RSU1
1, RSU1
1, RSU1
1, RSU1
1, RSU1
1, RSU1
1, RSU1
1, RSU1
1, RSU1
1, RSU1
1, RSU1
1, RSU1
1, RSU1
1, RSU1
1, RSU1
1, RSU1
1, RSU1
1, RSU1
1, RSU1
1, RSU1
1, RSU1
1, RSU1
1, RSU1
1, RSU1
1, RSU1
1, RSU1
1, RSU1
1, RSU1
1, RSU1
1, RSU1
1, RSU1
1, RSU1
1, RSU1
1, RSU1
1, RSU1
1, RSU1
1, RSU1
1, RSU1
1, RSU1
1, RSU1
1, RSU1
1, RSU1
1, RSU1
1, RSU1
1, RSU1
1, RSU1
1, RSU1
1, RSU1
1, RSU1
1, RSU1
1, RSU1
1, RSU1
1, RSU1
1, RSU1
1, RSU1
1, RSU1
1, RSU1
1, RSU1
1, RSU1
1, RSU1
1, RSU1
1, RSU1
1, RSU2
1, RSU2
1, RSU2
1, RSU2
1, RSU2
1, RSU2
1, RSU2
1, RSU2
1, RSU2
1, RSU2
1, RSU2
1, RSU2
1, RSU2
1, RSU2
1, RSU2
1, RSU2
1, RSU2
1, RSU2
1, RSU2
1, RSU2
1, RSU2
1, RSU2
1, RSU2
1, RSU2
1, RSU2
1, RSU2
1, RSU2
1, RSU2
1, RSU2
1, RSU2
1, RSU2
1, RSU2
1, RSU2
1, RSU2
1, RSU2
1, RSU2
1, RSU2
1, RSU2
1, RSU2
1, RSU2
1, RSU2
1, RSU2
1, RSU2
1, RSU2
1, RSU2
1, RSU2
1, RSU2
1, RSU2
1, RSU2
1, RSU2
1, RSU2
1, RSU2
1, RSU2
1, RSU2
1, RSU2
1, RSU2
1, RSU2
1, RSU2
1, RSU2
1, RSU2
1, RSU2
1, RSU2
1, RSU2
1, RSU2
1, RSU2
1, RSU2
1, RSU2
1, RSU2
1, RSU2
1, RSU2
1, RSU2
1, RSU2
1, RSU2
1, RSU2
1, RSU2
1, RSU2
1, RSU2
1, RSU3
1, RSU3
1, RSU3
1, RSU3
1, RSU3
1, RSU3
1, RSU3
1, RSU3
1, RSU3
1, RSU3
1, RSU3
1, RSU3
1, RSU3
1, RSU3
1, RSU3
1, RSU3
1, RSU3
1, RSU3
1, RSU3
1, RSU3
1, RSU3
1, RSU3
1, RSU8
1, RSU8
1, RSU8
1, RSU8
1, RSU8
1, RSU8
1, RSU8
1, RSU8
1, RSU8
1, RSU8
1, RSU8
1, RSU8
1, RSU8
1, RSU8
1, RSU8
1, RSU8
1, RSU8
1, RSU8
1, RSU8
1, RSU8
1, RSU8
1, RSU8
1, RSU8
1, RSU8
1, RSU8
1, RSU8
1, RSU8
1, RSU8
1, RSU8
1, RSU8
1, RSU8
1, RSU8
1, RSU8
1, RSU8
1, RSU8
1, RSU8
1, RSU8
1, RSU8
1, RSU8
1, RSU8
1, RSU8
1, RSU8
1, RSU8
1, RSU8
1, RSU8
1, RSU8
1, RSU8
1, RSU8
1, RSU8
1, RSU8
1, RSU8
1, RSU8
1, RSU8
1, RSU8
1, RSU8
1, RSU8
1, RSU8
1, RSU8
1, RSU8
1, RSU8
1, RSU8
1, RSU8
1, RSU8
1, RSU8
1, RSU8
1, RSU8
1, RSU8
1, RSU8
1, RSU8
1, RSU8
1, RSU9
1, RSU9
1, RSU9
1, RSU9
1, RSU9
1, RSU9
1, RSU9
1, RSU9
1, RSU9
1, RSU9
1, RSU9
1, RSU9
1, RSU9
1, RSU9
1, RSU9
1, RSU9
1, RSU9
1, RSU9
1, RSU9
1, RSU9
1, RSU9
1, RSU9
1, RSU9
1, RSU9
1, RSU9
1, RSU9
1, RSU9
1, RSU9
1, RSU9
1, RSU9
1, RSU9
1, RSU9
1, RSU9
1, RSU9
1, RSU9
1, RSU9
1, RSU9
1, RSU9
1, RSU9
1, RSU9
1, RSU9
1, RSU9
1, RSU9
1, RSU9
1, RSU9
1, RSU9
1, RSU15
1, RSU15
1, RSU15
1, RSU15
1, RSU15
1, RSU15
1, RSU15
1, RSU15
1, RSU15
1, RSU15
1, RSU15
1, RSU15
1, RSU15
1, RSU15
1, RSU15
1, RSU15
1, RSU15
1, RSU15
1, RSU15
1, RSU15
1, RSU15
1, RSU15
1, RSU25
1, RSU25
1, RSU25
1, RSU25
1, RSU25
1, RSU25
1, RSU25
1, RSU25
1, RSU25
1, RSU25
1, RSU25
1, RSU25
1, RSU25
1, RSU25
1, RSU25
1, RSU25
1, RSU25
1, RSU25
1, RSU25
1, RSU25
1, RSU25
1, RSU25
1, RSU25
1, RSU29
1, RSU29
1, RSU29
1, RSU29
1, RSU29
1, RSU29
1, RSU29
1, RSU29
1, RSU29
1, RSU31
1, RSU31
1, RSU31
1, RSU31
1, RSU31
1, RSU31
1, RSU31
1, RSU31
1, RSU31
1, RSU31
1, RSU31
1, RSU31
1, RSU31
1, RSU31
1, RSU31
1, RSU31
1, RSU31
1, RSU31
1, RSU31
1, RSU31
1, RSU31
1, RSU33
1, RSU33
1, RSU33
1, RSU33
1, RSU33
1, RSU33
1, RSU33
1, RSU33
1, RSU33
1, RSU33
1, RSU33
1, RSU33
1, RSU33
1, RSU33
1, RSU33
1, RSU33
1, RSU33
1, RSU33
1, RSU33
1, RSU33
1, RSU33
1, RSU34
1, RSU34
1, RSU34
1, RSU35
1, RSU35
1, RSU35
1, RSU35
1, RSU35
1, RSU35
1, RSU35
1, RSU35
1, RSU35
1, RSU35
1, RSU35
1, RSU35
1, RSU35
1, RSU35
1, RSU35
1, RSU35
1, RSU35
1, RSU35
1, RSU35
1, RSU35
1, RSU35
1, RSU35
1, RSU35
1, RSU35
1, RSU35
1, RSU35
1, RSU35
1, RSU35
1, RSU35
1, RSU35
1, RSU35
1, RSU35
1, RSU35
1, RSU35
1, RSU35
1, RSU35
1, RSU35
1, RSU35
1, RSU35
1, RSU35
1, RSU35
1, RSU35
1, RSU35
1, RSU35
1, RSU35
1, RSU35
1, RSU35
1, RSU35
1, RSU35
1, RSU35
1, RSU35
1, RSU35
1, RSU35
1, RSU35
1, RSU35
1, RSU35
1, RSU35
1, RSU35
1, RSU35
1, RSU35
1, RSU35
1, RSU34
1, RSU34
1, RSU34
1, RSU33
1, RSU33
1, RSU33
1, RSU33
1, RSU33
1, RSU33
1, RSU33
1, RSU33
1, RSU33
1, RSU33
1, RSU33
1, RSU33
1, RSU33
1, RSU33
1, RSU33
1, RSU33
1, RSU33
1, RSU33
1, RSU33
1, RSU33
1, RSU33
1, RSU33
1, RSU33
1, RSU33
1, RSU33
1, RSU33
1, RSU33
1, RSU33
1, RSU33
1, RSU33
1, RSU33
1, RSU33
1, RSU33
1, RSU32
1, RSU32
1, RSU32
1, RSU32
1, RSU32
1, RSU32
1, RSU32
1, RSU32
1, RSU32
1, RSU32
1, RSU32
1, RSU31
1, RSU31
1, RSU31
1, RSU31
1, RSU31
1, RSU31
1, RSU31
1, RSU31
1, RSU31
1, RSU31
1, RSU31
1, RSU31
1, RSU31
1, RSU31
1, RSU31
1, RSU31
1, RSU31
1, RSU31
1, RSU31
1, RSU31
1, RSU31
1, RSU31
1, RSU31
1, RSU31
1, RSU31
1, RSU31
1, RSU31
1, RSU31
1, RSU31
1, RSU31
1, RSU31
1, RSU31
1, RSU31
1, RSU31
1, RSU31
1, RSU31
1, RSU31
1, RSU31
1, RSU31
1, RSU31
1, RSU31
1, RSU31
1, RSU31
1, RSU31
1, RSU31
1, RSU31
1, RSU31
1, RSU31
1, RSU31
1, RSU31
1, RSU31
1, RSU31
1, RSU31
1, RSU31
1, RSU31
1, RSU31
1, RSU31
1, RSU29
1, RSU29
1, RSU29
1, RSU29
1, RSU29
1, RSU29
1, RSU29
1, RSU29
1, RSU25
1, RSU25
1, RSU25
1, RSU25
1, RSU25
1, RSU25
1, RSU25
1, RSU25
1, RSU25
1, RSU25
1, RSU25
1, RSU25
1, RSU25
1, RSU25
1, RSU25
1, RSU25
1, RSU25
1, RSU25
1, RSU25
1, RSU15
1, RSU15
1, RSU15
1, RSU15
1, RSU15
1, RSU15
1, RSU15
1, RSU15
1, RSU15
1, RSU15
1, RSU15
1, RSU15
1, RSU15
1, RSU15
1, RSU15
1, RSU15
1, RSU15
1, RSU15
1, RSU15
1, RSU15
1, RSU15
1, RSU15
1, RSU9
1, RSU9
1, RSU9
1, RSU9
1, RSU9
1, RSU9
1, RSU9
1, RSU9
1, RSU9
1, RSU9
1, RSU9
1, RSU9
1, RSU9
1, RSU9
1, RSU9
1, RSU9
1, RSU9
1, RSU9
1, RSU9
1, RSU9
1, RSU9
1, RSU9
1, RSU9
1, RSU9
1, RSU9
1, RSU9
1, RSU9
1, RSU9
1, RSU9
1, RSU9
1, RSU9
1, RSU9
1, RSU9
1, RSU9
1, RSU9
1, RSU9
1, RSU9
1, RSU9
1, RSU9
1, RSU9
1, RSU3
1, RSU3
1, RSU3
1, RSU3
1, RSU3
1, RSU3
1, RSU3
1, RSU3
1, RSU3
1, RSU3
1, RSU3
1, RSU3
1, RSU3
1, RSU3
1, RSU3
1, RSU3
1, RSU3
1, RSU3
1, RSU3
1, RSU3
1, RSU3
1, RSU3
1, RSU3
1, RSU3
1, RSU3
1, RSU3
1, RSU3
1, RSU3
1, RSU3
1, RSU3
1, RSU3
1, RSU3
1, RSU3
1, RSU3
1, RSU3
1, RSU3
1, RSU3
1, RSU3
1, RSU3
1, RSU3
1, RSU3
1, RSU2
1, RSU2
1, RSU2
1, RSU2
1, RSU2
1, RSU2
1, RSU2
1, RSU2
1, RSU2
1, RSU2
1, RSU2
1, RSU2
1, RSU2
1, RSU2
1, RSU2
1, RSU2
1, RSU2
1, RSU2
1, RSU2
1, RSU2
1, RSU2
1, RSU2
1, RSU2
1, RSU2
1, RSU2
1, RSU2
1, RSU2
1, RSU1
1, RSU1
1, RSU1
1, RSU1
1, RSU1
1, RSU1
1, RSU1
1, RSU1
1, RSU1
1, RSU1
1, RSU1
1, RSU1
1, RSU1
1, RSU1
1, RSU1
1, RSU1
1, RSU1
1, RSU1
1, RSU1
1, RSU1
1, RSU1
1, RSU1
1, RSU1
1, RSU1
1, RSU1
1, RSU1
1, RSU1
1, RSU1
1, RSU1
1, RSU1
1, RSU1
1, RSU1
1, RSU1
1, RSU1
1, RSU1
1, RSU1
1, RSU1
1, RSU1
1, RSU1
1, RSU1
1, RSU1
1, RSU1
1, RSU1
1, RSU1
1, RSU1
1, RSU1
1, RSU1
1, RSU1
1, RSU1
1, RSU1
1, RSU1
1, RSU1
1, RSU1
1, RSU1
1, RSU1
1, RSU1
1, RSU1
1, RSU1
1, RSU1
1, RSU1
1, RSU1
1, RSU1
1, RSU1
1, RSU1
1, RSU1
1, RSU1
1, RSU1
1, RSU1
1, RSU1
1, RSU1
1, RSU1
1, RSU1
1, RSU1
1, RSU1
1, RSU2
1, RSU2
1, RSU2
1, RSU2
1, RSU2
1, RSU2
1, RSU2
1, RSU2
1, RSU2
1, RSU2
1, RSU2
1, RSU2
1, RSU2
1, RSU2
1, RSU2
1, RSU2
1, RSU2
1, RSU2
1, RSU2
1, RSU2
1, RSU2
1, RSU2
1, RSU2
1, RSU2
1, RSU2
1, RSU2
1, RSU2
1, RSU2
1, RSU2
1, RSU3
1, RSU3
1, RSU3
1, RSU3
1, RSU3
1, RSU3
1, RSU3
1, RSU3
1, RSU3
1, RSU3
1, RSU3
1, RSU3
1, RSU3
1, RSU3
1, RSU3
1, RSU3
1, RSU3
1, RSU3
1, RSU3
1, RSU3
1, RSU3
1, RSU3
1, RSU3
1, RSU3
1, RSU3
1, RSU3
1, RSU3
1, RSU3
1, RSU3
1, RSU3
1, RSU3
1, RSU3
1, RSU3
1, RSU3
1, RSU3
1, RSU3
1, RSU3
1, RSU3
1, RSU3
1, RSU3
1, RSU9
1, RSU9
1, RSU9
1, RSU9
1, RSU9
1, RSU9
1, RSU9
1, RSU9
1, RSU9
1, RSU9
1, RSU9
1, RSU9
1, RSU9
1, RSU9
1, RSU9
1, RSU9
1, RSU9
1, RSU9
1, RSU9
1, RSU9
1, RSU9
1, RSU9
1, RSU9
1, RSU9
1, RSU9
1, RSU9
1, RSU9
1, RSU9
1, RSU9
1, RSU9
1, RSU9
1, RSU9
1, RSU9
1, RSU9
1, RSU9
1, RSU9
1, RSU9
1, RSU9
1, RSU9
1, RSU9
1, RSU9
1, RSU9
1, RSU9
1, RSU9
1, RSU9
1, RSU9
1, RSU9
1, RSU9
1, RSU9
1, RSU9
1, RSU9
1, RSU9
1, RSU9
1, RSU9
1, RSU9
1, RSU9
1, RSU9
1, RSU9
1, RSU9
1, RSU9
1, RSU9
1, RSU9
1, RSU9
1, RSU9
1, RSU9
1, RSU9
1, RSU9
1, RSU9
1, RSU9
1, RSU9
1, RSU9
1, RSU9
1, RSU9
1, RSU9
1, RSU9
1, RSU9
1, RSU9
1, RSU9
1, RSU9
1, RSU9
1, RSU9
1, RSU9
1, RSU9
1, RSU9
1, RSU9
1, RSU9
1, RSU15
1, RSU15
1, RSU15
1, RSU15
1, RSU15
1, RSU15
1, RSU15
1, RSU15
1, RSU15
1, RSU15
1, RSU15
1, RSU15
1, RSU15
1, RSU15
1, RSU15
1, RSU15
1, RSU15
1, RSU15
1, RSU15
1, RSU15
1, RSU15
1, RSU15
1, RSU15
1, RSU15
1, RSU15
1, RSU15
1, RSU15
1, RSU15
1, RSU15
1, RSU15
1, RSU15
1, RSU15
1, RSU15
1, RSU19
1, RSU19
1, RSU19
1, RSU19
1, RSU19
1, RSU19
1, RSU19
1, RSU19
1, RSU19
1, RSU19
1, RSU19
1, RSU19
1, RSU19
1, RSU19
1, RSU19
1, RSU19
1, RSU19
1, RSU19
1, RSU19
1, RSU19
1, RSU19
1, RSU20
1, RSU20
1, RSU20
1, RSU20
1, RSU20
1, RSU20
1, RSU20
1, RSU20
1, RSU20
1, RSU20
1, RSU20
1, RSU20
1, RSU20
1, RSU20
1, RSU20
1, RSU25
1, RSU25
1, RSU25
1, RSU25
1, RSU25
1, RSU25
1, RSU25
1, RSU25
1, RSU25
1, RSU25
1, RSU25
1, RSU25
1, RSU25
1, RSU25
1, RSU25
1, RSU25
1, RSU25
1, RSU25
1, RSU25
1, RSU25
1, RSU25
1, RSU25
1, RSU25
1, RSU25
1, RSU29
1, RSU29
1, RSU29
1, RSU29
1, RSU29
1, RSU29
1, RSU29
1, RSU29
1, RSU29
1, RSU31
1, RSU31
1, RSU31
1, RSU31
1, RSU31
1, RSU31
1, RSU31
1, RSU31
1, RSU31
1, RSU31
1, RSU31
1, RSU31
1, RSU31
1, RSU31
1, RSU31
1, RSU31
1, RSU31
1, RSU31
1, RSU31
1, RSU31
1, RSU33
1, RSU33
1, RSU33
1, RSU33
1, RSU33
1, RSU33
1, RSU33
1, RSU33
1, RSU33
1, RSU33
1, RSU33
1, RSU33
1, RSU33
1, RSU33
1, RSU33
1, RSU33
1, RSU33
1, RSU33
1, RSU33
1, RSU33
1, RSU33
1, RSU33
1, RSU34
1, RSU34
1, RSU34
1, RSU35
1, RSU35
1, RSU35
1, RSU35
1, RSU35
1, RSU35
1, RSU35
1, RSU35
1, RSU35
1, RSU35
1, RSU35
1, RSU35
1, RSU35
1, RSU35
1, RSU35
1, RSU35
1, RSU35
1, RSU35
1, RSU35
1, RSU35
1, RSU35
1, RSU35
1, RSU35
1, RSU35
1, RSU35
1, RSU35
1, RSU35
1, RSU35
1, RSU35
1, RSU35
1, RSU35
1, RSU35
1, RSU35
1, RSU35
1, RSU35
1, RSU35
1, RSU35
1, RSU35
1, RSU35
1, RSU35
1, RSU35
1, RSU35
1, RSU35
1, RSU35
1, RSU35
1, RSU35
1, RSU35
1, RSU35
1, RSU35
1, RSU35
1, RSU35
1, RSU35
1, RSU35
1, RSU35
1, RSU35
1, RSU35
1, RSU35
1, RSU35
1, RSU35
1, RSU35
1, RSU34
1, RSU34
1, RSU34
1, RSU33
1, RSU33
1, RSU33
1, RSU33
1, RSU33
1, RSU33
1, RSU33
1, RSU33
1, RSU33
1, RSU33
1, RSU33
1, RSU33
1, RSU33
1, RSU33
1, RSU33
1, RSU33
1, RSU33
1, RSU33
1, RSU33
1, RSU33
1, RSU31
1, RSU31
1, RSU31
1, RSU31
1, RSU31
1, RSU31
1, RSU31
1, RSU31
1, RSU31
1, RSU31
1, RSU31
1, RSU31
1, RSU31
1, RSU31
1, RSU31
1, RSU31
1, RSU31
1, RSU31
1, RSU31
1, RSU31
1, RSU31
1, RSU29
1, RSU29
1, RSU29
1, RSU29
1, RSU29
1, RSU29
1, RSU29
1, RSU29
1, RSU25
1, RSU25
1, RSU25
1, RSU25
1, RSU25
1, RSU25
1, RSU25
1, RSU25
1, RSU25
1, RSU25
1, RSU25
1, RSU25
1, RSU25
1, RSU25
1, RSU25
1, RSU25
1, RSU25
1, RSU25
1, RSU25
1, RSU25
1, RSU15
1, RSU15
1, RSU15
1, RSU15
1, RSU15
1, RSU15
1, RSU15
1, RSU15
1, RSU15
1, RSU15
1, RSU15
1, RSU15
1, RSU15
1, RSU15
1, RSU15
1, RSU15
1, RSU15
1, RSU15
1, RSU15
1, RSU15
1, RSU15
1, RSU15
1, RSU9
1, RSU9
1, RSU9
1, RSU9
1, RSU9
1, RSU9
1, RSU9
1, RSU9
1, RSU9
1, RSU9
1, RSU9
1, RSU9
1, RSU9
1, RSU9
1, RSU9
1, RSU9
1, RSU9
1, RSU9
1, RSU9
1, RSU9
1, RSU9
1, RSU9
1, RSU9
1, RSU9
1, RSU9
1, RSU9
1, RSU9
1, RSU9
1, RSU9
1, RSU9
1, RSU9
1, RSU9
1, RSU9
1, RSU9
1, RSU9
1, RSU9
1, RSU9
1, RSU8
1, RSU8
1, RSU8
1, RSU8
1, RSU8
1, RSU8
1, RSU8
1, RSU8
1, RSU8
1, RSU8
1, RSU8
1, RSU8
1, RSU8
1, RSU8
1, RSU8
1, RSU8
1, RSU8
1, RSU8
1, RSU8
1, RSU8
1, RSU8
1, RSU8
1, RSU8
1, RSU8
1, RSU8
1, RSU8
1, RSU8
1, RSU8
1, RSU8
1, RSU8
1, RSU8
1, RSU8
1, RSU8
1, RSU8
1, RSU3
1, RSU3
1, RSU3
1, RSU3
1, RSU3
1, RSU3
1, RSU3
1, RSU3
1, RSU3
1, RSU3
1, RSU3
1, RSU3
1, RSU3
1, RSU3
1, RSU3
1, RSU3
1, RSU3
1, RSU3
1, RSU3
1, RSU3
1, RSU3
1, RSU3
1, RSU3
1, RSU3
1, RSU3
1, RSU3
1, RSU3
1, RSU3
1, RSU3
1, RSU3
1, RSU3
1, RSU3
1, RSU3
1, RSU3
1, RSU3
1, RSU3
1, RSU3
1, RSU3
1, RSU3
1, RSU3
1, RSU3
1, RSU3
1, RSU3
1, RSU3
1, RSU3
1, RSU3
1, RSU3
1, RSU3
1, RSU3
1, RSU3
1, RSU3
1, RSU3
1, RSU2
1, RSU2
1, RSU2
1, RSU2
1, RSU2
1, RSU2
1, RSU2
1, RSU2
1, RSU2
1, RSU2
1, RSU2
1, RSU2
1, RSU2
1, RSU2
1, RSU2
1, RSU2
1, RSU2
1, RSU2
1, RSU2
1, RSU2
1, RSU2
1, RSU2
1, RSU2
1, RSU2
1, RSU2
1, RSU2
1, RSU2
1, RSU1
1, RSU1
1, RSU1
1, RSU1
1, RSU1
1, RSU1
1, RSU1
1, RSU1
1, RSU1
1, RSU1
1, RSU1
1, RSU1
1, RSU1
1, RSU1
1, RSU1
1, RSU1
1, RSU1
1, RSU1
1, RSU1
1, RSU1
1, RSU1
1, RSU1
1, RSU1
1, RSU1
1, RSU1
1, RSU1
1, RSU1
1, RSU1
1, RSU1
1, RSU1
1, RSU1
1, RSU1
1, RSU1
1, RSU1
1, RSU1
1, RSU1
1, RSU1
1, RSU1
1, RSU1
1, RSU1
1, RSU1
1, RSU1
1, RSU1
1, RSU1
1, RSU1
1, RSU1
1, RSU1
1, RSU1
1, RSU1
1, RSU1
1, RSU1
1, RSU1
1, RSU1
1, RSU1
1, RSU1
1, RSU1
1, RSU1
1, RSU1
1, RSU1
1, RSU1
1, RSU1
1, RSU1
1, RSU1
1, RSU1
1, RSU1
1, RSU1
1, RSU1
1, RSU1
1, RSU1
1, RSU1
1, RSU1
1, RSU1
1, RSU1
1, RSU1
1, RSU2
1, RSU2
1, RSU2
1, RSU2
1, RSU2
1, RSU2
1, RSU2
1, RSU2
1, RSU2
1, RSU2
1, RSU2
1, RSU2
1, RSU2
1, RSU2
1, RSU2
1, RSU2
1, RSU2
1, RSU2
1, RSU2
1, RSU2
1, RSU2
1, RSU2
1, RSU2
1, RSU2
1, RSU2
1, RSU2
1, RSU2
1, RSU2
1, RSU2
1, RSU3
1, RSU3
1, RSU3
1, RSU3
1, RSU3
1, RSU3
1, RSU3
1, RSU3
1, RSU3
1, RSU3
1, RSU3
1, RSU3
1, RSU3
1, RSU3
1, RSU3
1, RSU3
1, RSU3
1, RSU3
1, RSU3
1, RSU3
1, RSU3
1, RSU3
1, RSU3
1, RSU3
1, RSU3
1, RSU3
1, RSU3
1, RSU3
1, RSU3
1, RSU3
1, RSU3
1, RSU3
1, RSU3
1, RSU3
1, RSU3
1, RSU3
1, RSU3
1, RSU3
1, RSU3
1, RSU3
1, RSU9
1, RSU9
1, RSU9
1, RSU9
1, RSU9
1, RSU9
1, RSU9
1, RSU9
1, RSU9
1, RSU9
1, RSU9
1, RSU9
1, RSU9
1, RSU9
1, RSU9
1, RSU9
1, RSU9
1, RSU9
1, RSU9
1, RSU9
1, RSU9
1, RSU9
1, RSU9
1, RSU9
1, RSU9
1, RSU9
1, RSU9
1, RSU9
1, RSU9
1, RSU9
1, RSU9
1, RSU9
1, RSU9
1, RSU9
1, RSU9
1, RSU9
1, RSU9
1, RSU9
1, RSU9
1, RSU9
1, RSU9
1, RSU9
1, RSU9
1, RSU9
1, RSU15
1, RSU15
1, RSU15
1, RSU15
1, RSU15
1, RSU15
1, RSU15
1, RSU15
1, RSU15
1, RSU15
1, RSU15
1, RSU15
1, RSU15
1, RSU15
1, RSU15
1, RSU15
1, RSU15
1, RSU15
1, RSU15
1, RSU15
1, RSU15
1, RSU15
1, RSU25
1, RSU25
1, RSU25
1, RSU25
1, RSU25
1, RSU25
1, RSU25
1, RSU25
1, RSU25
1, RSU25
1, RSU25
1, RSU25
1, RSU25
1, RSU25
1, RSU25
1, RSU25
1, RSU25
1, RSU25
1, RSU25
1, RSU25
1, RSU25
1, RSU25
1, RSU29
1, RSU29
1, RSU29
1, RSU29
1, RSU29
1, RSU29
1, RSU29
1, RSU29
1, RSU29
1, RSU31
1, RSU31
1, RSU31
1, RSU31
1, RSU31
1, RSU31
1, RSU31
1, RSU31
1, RSU31
1, RSU31
1, RSU31
1, RSU31
1, RSU31
1, RSU31
1, RSU31
1, RSU31
1, RSU31
1, RSU31
1, RSU31
1, RSU31
1, RSU33
1, RSU33
1, RSU33
1, RSU33
1, RSU33
1, RSU33
1, RSU33
1, RSU33
1, RSU33
1, RSU33
1, RSU33
1, RSU33
1, RSU33
1, RSU33
1, RSU33
1, RSU33
1, RSU33
1, RSU33
1, RSU33
1, RSU33
1, RSU33
1, RSU33
1, RSU33
1, RSU33
1, RSU33
1, RSU33
1, RSU33
1, RSU33
1, RSU33
1, RSU33
1, RSU33
1, RSU33
1, RSU33
1, RSU33
1, RSU33
1, RSU33
1, RSU33
1, RSU33
1, RSU33
1, RSU33
1, RSU33
1, RSU33
1, RSU33
1, RSU33
1, RSU33
1, RSU33
1, RSU33
1, RSU35
1, RSU35
1, RSU35
1, RSU35
1, RSU35
1, RSU35
1, RSU35
1, RSU35
1, RSU35
1, RSU35
1, RSU35
1, RSU35
1, RSU36
1, RSU36
1, RSU36
1, RSU36
1, RSU36
1, RSU36
1, RSU36
1, RSU36
1, RSU36
1, RSU36
1, RSU36
1, RSU36
1, RSU36
1, RSU36
1, RSU36
1, RSU36
1, RSU36
1, RSU36
1, RSU36
1, RSU36
1, RSU36
1, RSU36
1, RSU36
1, RSU36
1, RSU36
1, RSU36
1, RSU36
1, RSU36
1, RSU36
1, RSU36
1, RSU36
1, RSU36
1, RSU36
1, RSU36
1, RSU36
1, RSU36
1, RSU36
1, RSU36
1, RSU36
1, RSU36
1, RSU36
1, RSU36
1, RSU36
1, RSU36
1, RSU36
1, RSU36
1, RSU36
1, RSU36
1, RSU36
1, RSU36
1, RSU36
1, RSU36
1, RSU36
1, RSU36
1, RSU36
1, RSU36
1, RSU36
1, RSU36
1, RSU36
1, RSU36
1, RSU36
1, RSU35
1, RSU35
1, RSU35
1, RSU35
1, RSU35
1, RSU35
1, RSU35
1, RSU35
1, RSU35
1, RSU35
1, RSU35
1, RSU35
1, RSU35
1, RSU35
1, RSU35
1, RSU35
1, RSU35
1, RSU35
1, RSU35
1, RSU35
1, RSU35
1, RSU35
1, RSU35
1, RSU35
1, RSU35
1, RSU35
1, RSU35
1, RSU35
1, RSU35
1, RSU35
1, RSU35
1, RSU35
1, RSU35
1, RSU35
1, RSU35
1, RSU35
1, RSU35
1, RSU35
1, RSU35
1, RSU35
1, RSU35
1, RSU35
1, RSU34
1, RSU34
1, RSU34
1, RSU33
1, RSU33
1, RSU33
1, RSU33
1, RSU33
1, RSU33
1, RSU33
1, RSU33
1, RSU33
1, RSU33
1, RSU33
1, RSU33
1, RSU33
1, RSU33
1, RSU33
1, RSU33
1, RSU33
1, RSU33
1, RSU33
1, RSU33
1, RSU31
1, RSU31
1, RSU31
1, RSU31
1, RSU31
1, RSU31
1, RSU31
1, RSU31
1, RSU31
1, RSU31
1, RSU31
1, RSU31
1, RSU31
1, RSU31
1, RSU31
1, RSU31
1, RSU31
1, RSU31
1, RSU31
1, RSU31
1, RSU31
1, RSU31
1, RSU31
1, RSU31
1, RSU29
1, RSU29
1, RSU29
1, RSU29
1, RSU29
1, RSU29
1, RSU29
1, RSU29
1, RSU29
1, RSU29
1, RSU29
1, RSU29
1, RSU29
1, RSU29
1, RSU29
1, RSU29
1, RSU29
1, RSU29
1, RSU29
1, RSU29
1, RSU29
1, RSU29
1, RSU29
1, RSU29
1, RSU29
1, RSU29
1, RSU29
1, RSU29
1, RSU29
1, RSU29
1, RSU29
1, RSU29
1, RSU29
1, RSU29
1, RSU29
1, RSU29
1, RSU29
1, RSU29
1, RSU29
1, RSU29
1, RSU29
1, RSU29
1, RSU29
1, RSU29
1, RSU29
1, RSU29
1, RSU25
1, RSU25
1, RSU25
1, RSU25
1, RSU25
1, RSU25
1, RSU25
1, RSU25
1, RSU25
1, RSU25
1, RSU25
1, RSU25
1, RSU25
1, RSU25
1, RSU25
1, RSU25
1, RSU25
1, RSU25
1, RSU25
1, RSU25
1, RSU25
1, RSU25
1, RSU25
1, RSU25
1, RSU25
1, RSU25
1, RSU25
1, RSU25
1, RSU25
1, RSU25
1, RSU25
1, RSU25
1, RSU25
1, RSU25
1, RSU25
1, RSU25
1, RSU25
1, RSU25
1, RSU25
1, RSU25
1, RSU25
1, RSU25
1, RSU25
1, RSU25
1, RSU25
1, RSU25
1, RSU25
1, RSU25
1, RSU25
1, RSU25
1, RSU25
1, RSU25
1, RSU25
1, RSU25
1, RSU25
1, RSU25
1, RSU25
1, RSU25
1, RSU25
1, RSU25
1, RSU25
1, RSU25
1, RSU25
1, RSU25
1, RSU25
1, RSU25
1, RSU25
1, RSU25
1, RSU15
1, RSU15
1, RSU15
1, RSU15
1, RSU15
1, RSU15
1, RSU15
1, RSU15
1, RSU15
1, RSU15
1, RSU15
1, RSU15
1, RSU15
1, RSU15
1, RSU15
1, RSU15
1, RSU15
1, RSU15
1, RSU15
1, RSU15
1, RSU15
1, RSU15
1, RSU9
1, RSU9
1, RSU9
1, RSU9
1, RSU9
1, RSU9
1, RSU9
1, RSU9
1, RSU9
1, RSU9
1, RSU9
1, RSU9
1, RSU9
1, RSU9
1, RSU9
1, RSU9
1, RSU9
1, RSU9
1, RSU9
1, RSU9
1, RSU9
1, RSU9
1, RSU9
1, RSU9
1, RSU9
1, RSU9
1, RSU9
1, RSU9
1, RSU9
1, RSU9
1, RSU9
1, RSU9
1, RSU9
1, RSU9
1, RSU9
1, RSU9
1, RSU9
1, RSU9
1, RSU9
1, RSU3
1, RSU3
1, RSU3
1, RSU3
1, RSU3
1, RSU3
1, RSU3
1, RSU3
1, RSU3
1, RSU3
1, RSU3
1, RSU3
1, RSU3
1, RSU3
1, RSU3
1, RSU3
1, RSU3
1, RSU3
1, RSU3
1, RSU3
1, RSU3
1, RSU3
1, RSU3
1, RSU3
1, RSU3
1, RSU3
1, RSU3
1, RSU3
1, RSU3
1, RSU3
1, RSU3
1, RSU3
1, RSU3
1, RSU3
1, RSU3
1, RSU3
1, RSU3
1, RSU3
1, RSU3
1, RSU3
1, RSU2
1, RSU2
1, RSU2
1, RSU2
1, RSU2
1, RSU2
1, RSU2
1, RSU2
1, RSU2
1, RSU2
1, RSU2
1, RSU2
1, RSU2
1, RSU2
1, RSU2
1, RSU2
1, RSU2
1, RSU2
1, RSU2
1, RSU2
1, RSU2
1, RSU2
1, RSU2
1, RSU2
1, RSU2
1, RSU2
1, RSU2
1, RSU1
1, RSU1
1, RSU1
1, RSU1
1, RSU1
1, RSU1
1, RSU1
1, RSU1
1, RSU1
1, RSU1
1, RSU1
1, RSU1
1, RSU1
1, RSU1
1, RSU1
1, RSU1
1, RSU1
1, RSU1
1, RSU1
1, RSU1
1, RSU1
1, RSU1
1, RSU1
1, RSU1
1, RSU1
1, RSU1
1, RSU1
1, RSU1
1, RSU1
1, RSU1
1, RSU1
1, RSU1
1, RSU1
1, RSU1
1, RSU1
1, RSU1
1, RSU1
1, RSU1
1, RSU1
1, RSU1
1, RSU1
1, RSU1
1, RSU1
1, RSU1
1, RSU1
1, RSU1
1, RSU1
1, RSU1
1, RSU1
1, RSU1
1, RSU1
1, RSU1
1, RSU1
1, RSU1
1, RSU1
1, RSU1
1, RSU1
1, RSU1
1, RSU1
1, RSU1
1, RSU1
1, RSU1
1, RSU1
1, RSU1
1, RSU1
1, RSU1
1, RSU1
1, RSU1
1, RSU1
1, RSU1
1, RSU1
1, RSU1
1, RSU1
1, RSU1
1, RSU2
1, RSU2
1, RSU2
1, RSU2
1, RSU2
1, RSU2
1, RSU2
1, RSU2
1, RSU2
1, RSU2
1, RSU2
1, RSU2
1, RSU2
1, RSU2
1, RSU2
1, RSU2
1, RSU2
1, RSU2
1, RSU2
1, RSU2
1, RSU2
1, RSU2
1, RSU2
1, RSU2
1, RSU2
1, RSU2
1, RSU2
1, RSU2
1, RSU2
1, RSU3
1, RSU3
1, RSU3
1, RSU3
1, RSU3
1, RSU3
1, RSU3
1, RSU3
1, RSU3
1, RSU3
1, RSU3
1, RSU3
1, RSU3
1, RSU3
1, RSU3
1, RSU3
1, RSU3
1, RSU3
1, RSU3
1, RSU3
1, RSU3
1, RSU3
1, RSU3
1, RSU3
1, RSU3
1, RSU3
1, RSU3
1, RSU3
1, RSU3
1, RSU3
1, RSU3
1, RSU3
1, RSU3
1, RSU3
1, RSU3
1, RSU3
1, RSU3
1, RSU3
1, RSU3
1, RSU3
1, RSU3
1, RSU3
1, RSU3
1, RSU3
1, RSU3
1, RSU3
1, RSU3
1, RSU3
1, RSU3
1, RSU3
1, RSU3
1, RSU8
1, RSU8
1, RSU8
1, RSU8
1, RSU8
1, RSU8
1, RSU8
1, RSU8
1, RSU8
1, RSU8
1, RSU8
1, RSU8
1, RSU8
1, RSU8
1, RSU8
1, RSU8
1, RSU8
1, RSU8
1, RSU8
1, RSU8
1, RSU8
1, RSU8
1, RSU8
1, RSU8
1, RSU8
1, RSU8
1, RSU8
1, RSU8
1, RSU8
1, RSU8
1, RSU8
1, RSU8
1, RSU8
1, RSU8
1, RSU8
1, RSU8
1, RSU8
1, RSU8
1, RSU8
1, RSU8
1, RSU8
1, RSU8
1, RSU8
1, RSU8
1, RSU8
1, RSU8
1, RSU8
1, RSU8
1, RSU8
1, RSU8
1, RSU8
1, RSU8
1, RSU8
1, RSU8
1, RSU8
1, RSU8
1, RSU8
1, RSU8
1, RSU8
1, RSU8
1, RSU8
1, RSU8
1, RSU8
1, RSU8
1, RSU8
1, RSU8
1, RSU8
1, RSU8
1, RSU8
1, RSU8
1, RSU8
1, RSU8
1, RSU8
1, RSU8
1, RSU8
1, RSU8
1, RSU8
1, RSU8
1, RSU8
1, RSU8
1, RSU8
1, RSU8
1, RSU8
1, RSU8
1, RSU8
1, RSU8
1, RSU11
1, RSU11
1, RSU11
1, RSU11
1, RSU11
1, RSU11
1, RSU11
1, RSU11
1, RSU11
1, RSU17
1, RSU17
1, RSU17
1, RSU17
1, RSU17
1, RSU17
1, RSU17
1, RSU17
1, RSU17
1, RSU17
1, RSU17
1, RSU17
1, RSU17
1, RSU17
1, RSU17
1, RSU17
1, RSU17
1, RSU17
1, RSU17
1, RSU17
1, RSU17
1, RSU17
1, RSU17
1, RSU17
1, RSU17
1, RSU17
1, RSU17
1, RSU17
1, RSU17
1, RSU17
1, RSU17
1, RSU17
1, RSU17
1, RSU17
1, RSU17
1, RSU17
1, RSU17
1, RSU17
1, RSU17
1, RSU17
1, RSU17
1, RSU17
1, RSU17
1, RSU17
1, RSU17
1, RSU17
1, RSU17
1, RSU17
1, RSU17
1, RSU17
1, RSU17
1, RSU17
1, RSU17
1, RSU17
1, RSU17
1, RSU18
1, RSU18
1, RSU18
1, RSU18
1, RSU18
1, RSU19
1, RSU19
1, RSU19
1, RSU19
1, RSU19
1, RSU19
1, RSU19
1, RSU19
1, RSU19
1, RSU19
1, RSU19
1, RSU19
1, RSU19
1, RSU19
1, RSU19
1, RSU19
1, RSU19
1, RSU19
1, RSU19
1, RSU19
1, RSU19
1, RSU19
1, RSU19
1, RSU19
1, RSU19
1, RSU19
1, RSU19
1, RSU19
1, RSU19
1, RSU19
1, RSU19
1, RSU19
1, RSU20
1, RSU20
1, RSU20
1, RSU20
1, RSU20
1, RSU20
1, RSU20
1, RSU20
1, RSU20
1, RSU20
1, RSU20
1, RSU20
1, RSU20
1, RSU20
1, RSU25
1, RSU25
1, RSU25
1, RSU25
1, RSU25
1, RSU25
1, RSU25
1, RSU25
1, RSU25
1, RSU25
1, RSU25
1, RSU25
1, RSU25
1, RSU25
1, RSU25
1, RSU25
1, RSU25
1, RSU25
1, RSU25
1, RSU25
1, RSU25
1, RSU25
1, RSU25
1, RSU25
1, RSU29
1, RSU29
1, RSU29
1, RSU29
1, RSU29
1, RSU29
1, RSU29
1, RSU29
1, RSU29
1, RSU31
1, RSU31
1, RSU31
1, RSU31
1, RSU31
1, RSU31
1, RSU31
1, RSU31
1, RSU31
1, RSU31
1, RSU31
1, RSU31
1, RSU31
1, RSU31
1, RSU31
1, RSU31
1, RSU31
1, RSU31
1, RSU31
1, RSU31
1, RSU31
1, RSU33
1, RSU33
1, RSU33
1, RSU33
1, RSU33
1, RSU33
1, RSU33
1, RSU33
1, RSU33
1, RSU33
1, RSU33
1, RSU33
1, RSU33
1, RSU33
1, RSU33
1, RSU33
1, RSU33
1, RSU33
1, RSU33
1, RSU33
1, RSU33
1, RSU33
1, RSU34
1, RSU34
1, RSU34
1, RSU35
1, RSU35
1, RSU35
1, RSU35
1, RSU35
1, RSU35
1, RSU35
1, RSU35
1, RSU35
1, RSU35
1, RSU35
1, RSU35
1, RSU35
1, RSU35
1, RSU35
1, RSU35
1, RSU35
1, RSU35
1, RSU35
1, RSU35
1, RSU35
1, RSU35
1, RSU35
1, RSU35
1, RSU35
1, RSU35
1, RSU35
1, RSU35
1, RSU35
1, RSU35
1, RSU35
1, RSU35
1, RSU35
2, RSU29
2, RSU29
2, RSU29
2, RSU29
2, RSU29
2, RSU29
2, RSU29
2, RSU29
2, RSU29
2, RSU29
2, RSU29
2, RSU29
2, RSU29
2, RSU29
2, RSU29
2, RSU29
2, RSU29
2, RSU29
2, RSU29
2, RSU29
2, RSU29
2, RSU29
2, RSU29
2, RSU29
2, RSU29
2, RSU29
2, RSU29
2, RSU29
2, RSU29
2, RSU29
2, RSU29
2, RSU29
2, RSU29
2, RSU29
2, RSU29
2, RSU29
2, RSU29
2, RSU29
2, RSU29
2, RSU29
2, RSU29
2, RSU29
2, RSU29
2, RSU29
2, RSU29
2, RSU29
2, RSU29
2, RSU29
2, RSU29
2, RSU31
2, RSU31
2, RSU31
2, RSU31
2, RSU31
2, RSU31
2, RSU31
2, RSU31
2, RSU31
2, RSU29
2, RSU29
2, RSU29
2, RSU29
2, RSU29
2, RSU29
2, RSU29
2, RSU29
2, RSU29
2, RSU25
2, RSU25
2, RSU25
2, RSU25
2, RSU25
2, RSU25
2, RSU25
2, RSU25
2, RSU25
2, RSU25
2, RSU25
2, RSU25
2, RSU25
2, RSU25
2, RSU25
2, RSU25
2, RSU25
2, RSU25
2, RSU25
2, RSU15
2, RSU15
2, RSU15
2, RSU15
2, RSU15
2, RSU15
2, RSU15
2, RSU15
2, RSU15
2, RSU15
2, RSU15
2, RSU15
2, RSU15
2, RSU15
2, RSU15
2, RSU15
2, RSU15
2, RSU15
2, RSU15
2, RSU15
2, RSU15
2, RSU15
2, RSU9
2, RSU9
2, RSU9
2, RSU9
2, RSU9
2, RSU9
2, RSU9
2, RSU9
2, RSU9
2, RSU9
2, RSU9
2, RSU9
2, RSU9
2, RSU9
2, RSU9
2, RSU9
2, RSU9
2, RSU9
2, RSU9
2, RSU9
2, RSU9
2, RSU9
2, RSU9
2, RSU9
2, RSU9
2, RSU9
2, RSU8
2, RSU8
2, RSU8
2, RSU8
2, RSU8
2, RSU8
2, RSU8
2, RSU8
2, RSU8
2, RSU8
2, RSU8
2, RSU8
2, RSU8
2, RSU8
2, RSU8
2, RSU8
2, RSU8
2, RSU8
2, RSU8
2, RSU8
2, RSU8
2, RSU8
2, RSU8
2, RSU8
2, RSU8
2, RSU8
2, RSU8
2, RSU8
2, RSU8
2, RSU8
2, RSU8
2, RSU8
2, RSU8
2, RSU8
2, RSU8
2, RSU8
2, RSU8
2, RSU8
2, RSU8
2, RSU8
2, RSU8
2, RSU8
2, RSU8
2, RSU8
2, RSU8
2, RSU8
2, RSU8
2, RSU8
2, RSU8
2, RSU8
2, RSU8
2, RSU8
2, RSU8
2, RSU8
2, RSU8
2, RSU8
2, RSU8
2, RSU8
2, RSU8
2, RSU8
2, RSU8
2, RSU8
2, RSU8
2, RSU8
2, RSU8
2, RSU8
2, RSU8
2, RSU8
2, RSU8
2, RSU8
2, RSU8
2, RSU8
2, RSU8
2, RSU8
2, RSU8
2, RSU8
2, RSU8
2, RSU8
2, RSU8
2, RSU8
2, RSU8
2, RSU8
2, RSU8
2, RSU8
2, RSU8
2, RSU8
2, RSU8
2, RSU8
2, RSU8
2, RSU8
2, RSU8
2, RSU8
2, RSU8
2, RSU8
2, RSU8
2, RSU8
2, RSU8
2, RSU8
2, RSU8
2, RSU8
2, RSU8
2, RSU8
2, RSU8
2, RSU8
2, RSU8
2, RSU8
2, RSU8
2, RSU9
2, RSU9
2, RSU9
2, RSU9
2, RSU9
2, RSU9
2, RSU9
2, RSU9
2, RSU9
2, RSU9
2, RSU9
2, RSU9
2, RSU9
2, RSU9
2, RSU9
2, RSU9
2, RSU9
2, RSU9
2, RSU9
2, RSU9
2, RSU9
2, RSU9
2, RSU9
2, RSU9
2, RSU9
2, RSU9
2, RSU9
2, RSU9
2, RSU9
2, RSU9
2, RSU9
2, RSU9
2, RSU9
2, RSU9
2, RSU9
2, RSU9
2, RSU9
2, RSU9
2, RSU9
2, RSU9
2, RSU9
2, RSU9
2, RSU9
2, RSU9
2, RSU9
2, RSU9
2, RSU9
2, RSU9
2, RSU9
2, RSU9
2, RSU9
2, RSU9
2, RSU9
2, RSU9
2, RSU9
2, RSU9
2, RSU9
2, RSU9
2, RSU9
2, RSU9
2, RSU9
2, RSU9
2, RSU9
2, RSU9
2, RSU9
2, RSU9
2, RSU9
2, RSU9
2, RSU9
2, RSU9
2, RSU9
2, RSU9
2, RSU9
2, RSU9
2, RSU9
2, RSU9
2, RSU9
2, RSU9
2, RSU9
2, RSU9
2, RSU9
2, RSU9
2, RSU9
2, RSU9
2, RSU9
2, RSU9
2, RSU9
2, RSU9
2, RSU9
2, RSU9
2, RSU9
2, RSU9
2, RSU9
2, RSU9
2, RSU9
2, RSU9
2, RSU9
2, RSU9
2, RSU9
2, RSU9
2, RSU9
2, RSU9
2, RSU9
2, RSU9
2, RSU9
2, RSU9
2, RSU9
2, RSU9
2, RSU9
2, RSU9
2, RSU9
2, RSU9
2, RSU9
2, RSU9
2, RSU9
2, RSU9
2, RSU9
2, RSU9
2, RSU9
2, RSU9
2, RSU9
2, RSU9
2, RSU9
2, RSU9
2, RSU9
2, RSU9
2, RSU9
2, RSU9
2, RSU9
2, RSU9
2, RSU9
2, RSU9
2, RSU9
2, RSU9
2, RSU9
2, RSU9
2, RSU9
2, RSU9
2, RSU9
2, RSU9
2, RSU9
2, RSU9
2, RSU9
2, RSU9
2, RSU9
2, RSU9
2, RSU9
2, RSU9
2, RSU9
2, RSU9
2, RSU9
2, RSU9
2, RSU9
2, RSU9
2, RSU9
2, RSU9
2, RSU9
2, RSU9
2, RSU9
2, RSU9
2, RSU9
2, RSU9
2, RSU9
2, RSU9
2, RSU9
2, RSU9
2, RSU9
2, RSU9
2, RSU9
2, RSU9
2, RSU9
2, RSU9
2, RSU9
2, RSU9
2, RSU9
2, RSU9
2, RSU9
2, RSU9
2, RSU9
2, RSU9
2, RSU9
2, RSU8
2, RSU8
2, RSU8
2, RSU8
2, RSU8
2, RSU8
2, RSU8
2, RSU8
2, RSU8
2, RSU8
2, RSU8
2, RSU8
2, RSU8
2, RSU8
2, RSU8
2, RSU8
2, RSU8
2, RSU8
2, RSU8
2, RSU8
2, RSU8
2, RSU8
2, RSU8
2, RSU8
2, RSU8
2, RSU8
2, RSU8
2, RSU8
2, RSU8
2, RSU8
2, RSU8
2, RSU8
2, RSU8
2, RSU8
2, RSU8
2, RSU8
2, RSU8
2, RSU8
2, RSU8
2, RSU8
2, RSU8
2, RSU8
2, RSU8
2, RSU8
2, RSU8
2, RSU8
2, RSU8
2, RSU8
2, RSU8
2, RSU8
2, RSU8
2, RSU8
2, RSU8
2, RSU8
2, RSU8
2, RSU8
2, RSU8
2, RSU8
2, RSU8
2, RSU8
2, RSU8
2, RSU8
2, RSU8
2, RSU8
2, RSU8
2, RSU8
2, RSU8
2, RSU8
2, RSU8
2, RSU8
2, RSU8
2, RSU8
2, RSU8
2, RSU8
2, RSU8
2, RSU8
2, RSU8
2, RSU8
2, RSU8
2, RSU8
2, RSU8
2, RSU8
2, RSU8
2, RSU8
2, RSU8
2, RSU8
2, RSU8
2, RSU8
2, RSU8
2, RSU8
2, RSU8
2, RSU8
2, RSU8
2, RSU8
2, RSU8
2, RSU8
2, RSU8
2, RSU8
2, RSU8
2, RSU8
2, RSU8
2, RSU8
2, RSU8
2, RSU8
2, RSU8
2, RSU8
2, RSU8
2, RSU9
2, RSU9
2, RSU9
2, RSU9
2, RSU9
2, RSU9
2, RSU9
2, RSU9
2, RSU9
2, RSU9
2, RSU9
2, RSU9
2, RSU9
2, RSU9
2, RSU9
2, RSU9
2, RSU9
2, RSU9
2, RSU9
2, RSU9
2, RSU9
2, RSU9
2, RSU9
2, RSU9
2, RSU9
2, RSU9
2, RSU9
2, RSU9
2, RSU15
2, RSU15
2, RSU15
2, RSU15
2, RSU15
2, RSU15
2, RSU15
2, RSU15
2, RSU15
2, RSU15
2, RSU15
2, RSU15
2, RSU15
2, RSU15
2, RSU15
2, RSU15
2, RSU15
2, RSU15
2, RSU15
2, RSU15
2, RSU15
2, RSU15
2, RSU25
2, RSU25
2, RSU25
2, RSU25
2, RSU25
2, RSU25
2, RSU25
2, RSU25
2, RSU25
2, RSU25
2, RSU25
2, RSU25
2, RSU25
2, RSU25
2, RSU25
2, RSU25
2, RSU25
2, RSU25
2, RSU25
2, RSU25
2, RSU25
2, RSU25
2, RSU29
2, RSU29
2, RSU29
2, RSU29
2, RSU29
2, RSU29
2, RSU29
2, RSU29
2, RSU29
2, RSU29
2, RSU31
2, RSU31
2, RSU31
2, RSU31
2, RSU31
2, RSU29
2, RSU29
2, RSU29
2, RSU29
2, RSU29
2, RSU29
2, RSU29
2, RSU29
2, RSU29
2, RSU29
2, RSU29
2, RSU29
2, RSU29
2, RSU29
2, RSU29
2, RSU29
2, RSU29
2, RSU29
2, RSU29
2, RSU29
2, RSU29
2, RSU29
2, RSU29
2, RSU29
2, RSU29
2, RSU29
2, RSU29
2, RSU29
2, RSU29
2, RSU29
2, RSU29
2, RSU29
2, RSU29
2, RSU29
2, RSU29
2, RSU29
2, RSU29
2, RSU29
2, RSU29
2, RSU29
2, RSU29
2, RSU29
2, RSU29
2, RSU29
2, RSU29
2, RSU29
2, RSU29
2, RSU29
2, RSU29
2, RSU29
2, RSU29
2, RSU29
2, RSU29
2, RSU29
2, RSU29
2, RSU29
2, RSU29
2, RSU29
2, RSU29
2, RSU29
2, RSU29
2, RSU29
2, RSU29
2, RSU29
2, RSU29
2, RSU29
2, RSU29
2, RSU29
2, RSU29
2, RSU29
2, RSU29
2, RSU29
2, RSU29
2, RSU29
2, RSU29
2, RSU29
2, RSU29
2, RSU29
2, RSU29
2, RSU29
2, RSU29
2, RSU29
2, RSU29
2, RSU29
2, RSU29
2, RSU29
2, RSU29
2, RSU29
2, RSU29
2, RSU29
2, RSU29
2, RSU29
2, RSU29
2, RSU29
2, RSU29
2, RSU29
2, RSU29
2, RSU29
2, RSU29
2, RSU29
2, RSU29
2, RSU29
2, RSU29
2, RSU29
2, RSU29
2, RSU29
2, RSU29
2, RSU29
2, RSU29
2, RSU29
2, RSU29
2, RSU29
2, RSU29
2, RSU29
2, RSU29
2, RSU29
2, RSU29
2, RSU29
2, RSU29
2, RSU29
2, RSU25
2, RSU25
2, RSU25
2, RSU25
2, RSU25
2, RSU25
2, RSU25
2, RSU25
2, RSU25
2, RSU25
2, RSU25
2, RSU25
2, RSU25
2, RSU25
2, RSU25
2, RSU25
2, RSU25
2, RSU25
2, RSU25
2, RSU25
2, RSU25
2, RSU25
2, RSU25
2, RSU25
2, RSU25
2, RSU25
2, RSU25
2, RSU25
2, RSU25
2, RSU25
2, RSU25
2, RSU25
2, RSU25
2, RSU25
2, RSU25
2, RSU25
2, RSU25
2, RSU20
2, RSU20
2, RSU20
2, RSU20
2, RSU20
2, RSU20
2, RSU20
2, RSU20
2, RSU20
2, RSU20
2, RSU20
2, RSU20
2, RSU20
2, RSU20
2, RSU20
2, RSU20
2, RSU20
2, RSU19
2, RSU19
2, RSU19
2, RSU19
2, RSU19
2, RSU19
2, RSU19
2, RSU19
2, RSU19
2, RSU19
2, RSU19
2, RSU19
2, RSU19
2, RSU19
2, RSU19
2, RSU19
2, RSU19
2, RSU19
2, RSU19
2, RSU19
2, RSU19
2, RSU19
2, RSU19
2, RSU19
2, RSU19
2, RSU19
2, RSU19
2, RSU19
2, RSU19
2, RSU19
2, RSU19
2, RSU19
2, RSU18
2, RSU18
2, RSU18
2, RSU18
2, RSU18
2, RSU18
2, RSU18
2, RSU18
2, RSU18
2, RSU18
2, RSU18
2, RSU18
2, RSU17
2, RSU17
2, RSU17
2, RSU17
2, RSU17
2, RSU17
2, RSU17
2, RSU16
2, RSU16
2, RSU16
2, RSU16
2, RSU16
2, RSU16
2, RSU16
2, RSU16
2, RSU16
2, RSU16
2, RSU16
2, RSU16
2, RSU16
2, RSU16
2, RSU16
2, RSU16
2, RSU16
2, RSU16
2, RSU16
2, RSU16
2, RSU16
2, RSU16
2, RSU16
2, RSU8
2, RSU8
2, RSU8
2, RSU8
2, RSU8
2, RSU8
2, RSU8
2, RSU8
2, RSU8
2, RSU8
2, RSU8
2, RSU8
2, RSU8
2, RSU8
2, RSU8
2, RSU8
2, RSU8
2, RSU8
2, RSU8
2, RSU8
2, RSU8
2, RSU8
2, RSU8
2, RSU8
2, RSU8
2, RSU8
2, RSU8
2, RSU8
2, RSU8
2, RSU8
2, RSU8
2, RSU8
2, RSU8
2, RSU8
2, RSU8
2, RSU8
2, RSU8
2, RSU9
2, RSU9
2, RSU9
2, RSU9
2, RSU9
2, RSU9
2, RSU9
2, RSU9
2, RSU9
2, RSU9
2, RSU9
2, RSU9
2, RSU9
2, RSU9
2, RSU9
2, RSU9
2, RSU9
2, RSU9
2, RSU9
2, RSU9
2, RSU9
2, RSU9
2, RSU9
2, RSU9
2, RSU9
2, RSU9
2, RSU9
2, RSU9
2, RSU9
2, RSU9
2, RSU9
2, RSU9
2, RSU9
2, RSU9
2, RSU9
2, RSU9
2, RSU9
2, RSU9
2, RSU9
2, RSU9
2, RSU9
2, RSU9
2, RSU9
2, RSU9
2, RSU9
2, RSU9
2, RSU9
2, RSU9
2, RSU9
2, RSU9
2, RSU9
2, RSU9
2, RSU9
2, RSU9
2, RSU9
2, RSU9
2, RSU9
2, RSU9
2, RSU9
2, RSU9
2, RSU9
2, RSU9
2, RSU9
2, RSU9
2, RSU9
2, RSU9
2, RSU9
2, RSU9
2, RSU9
2, RSU9
2, RSU9
2, RSU9
2, RSU9
2, RSU9
2, RSU9
2, RSU9
2, RSU9
2, RSU9
2, RSU9
2, RSU9
2, RSU9
2, RSU9
2, RSU9
2, RSU9
2, RSU9
2, RSU9
2, RSU9
2, RSU9
2, RSU9
2, RSU9
2, RSU9
2, RSU9
2, RSU9
2, RSU9
2, RSU9
2, RSU9
2, RSU9
2, RSU9
2, RSU9
2, RSU9
2, RSU9
2, RSU9
2, RSU9
2, RSU9
2, RSU9
2, RSU9
2, RSU9
2, RSU9
2, RSU9
2, RSU9
2, RSU9
2, RSU9
2, RSU9
2, RSU9
2, RSU9
2, RSU9
2, RSU9
2, RSU9
2, RSU9
2, RSU9
2, RSU9
2, RSU9
2, RSU9
2, RSU9
2, RSU9
2, RSU9
2, RSU9
2, RSU3
2, RSU3
2, RSU3
2, RSU3
2, RSU3
2, RSU3
2, RSU3
2, RSU3
2, RSU3
2, RSU3
2, RSU3
2, RSU3
2, RSU3
2, RSU3
2, RSU3
2, RSU3
2, RSU3
2, RSU3
2, RSU3
2, RSU3
2, RSU3
2, RSU3
2, RSU3
2, RSU3
2, RSU3
2, RSU3
2, RSU3
2, RSU3
2, RSU3
2, RSU3
2, RSU3
2, RSU3
2, RSU3
2, RSU3
2, RSU3
2, RSU3
2, RSU3
2, RSU3
2, RSU3
2, RSU3
2, RSU3
2, RSU3
2, RSU3
2, RSU3
2, RSU3
2, RSU3
2, RSU3
2, RSU3
2, RSU3
2, RSU3
2, RSU3
2, RSU3
2, RSU3
2, RSU3
2, RSU3
2, RSU3
2, RSU3
2, RSU3
2, RSU3
2, RSU3
2, RSU3
2, RSU3
2, RSU3
2, RSU3
2, RSU3
2, RSU3
2, RSU3
2, RSU3
2, RSU3
2, RSU3
2, RSU3
2, RSU3
2, RSU3
2, RSU3
2, RSU3
2, RSU3
2, RSU3
2, RSU3
2, RSU3
2, RSU3
2, RSU3
2, RSU8
2, RSU8
2, RSU8
2, RSU8
2, RSU8
2, RSU8
2, RSU8
2, RSU8
2, RSU8
2, RSU8
2, RSU8
2, RSU8
2, RSU8
2, RSU8
2, RSU8
2, RSU8
2, RSU8
2, RSU8
2, RSU8
2, RSU8
2, RSU8
2, RSU8
2, RSU8
2, RSU8
2, RSU8
2, RSU8
2, RSU8
2, RSU8
2, RSU8
2, RSU8
2, RSU8
2, RSU8
2, RSU8
2, RSU8
2, RSU8
2, RSU8
2, RSU8
2, RSU8
2, RSU8
2, RSU8
2, RSU8
2, RSU8
2, RSU8
2, RSU8
2, RSU8
2, RSU8
2, RSU8
2, RSU8
2, RSU8
2, RSU8
2, RSU8
2, RSU8
2, RSU8
2, RSU8
2, RSU8
2, RSU8
2, RSU8
2, RSU8
2, RSU8
2, RSU8
2, RSU8
2, RSU8
2, RSU8
2, RSU8
2, RSU8
2, RSU8
2, RSU8
2, RSU8
2, RSU8
2, RSU8
2, RSU8
2, RSU8
2, RSU8
2, RSU8
2, RSU8
2, RSU8
2, RSU8
2, RSU8
2, RSU8
2, RSU8
2, RSU8
2, RSU8
2, RSU8
2, RSU8
2, RSU8
2, RSU8
2, RSU8
2, RSU8
2, RSU8
2, RSU8
2, RSU8
2, RSU8
2, RSU8
2, RSU8
2, RSU8
2, RSU8
2, RSU8
2, RSU8
2, RSU8
2, RSU8
2, RSU8
2, RSU8
2, RSU8
2, RSU8
2, RSU8
2, RSU8
2, RSU8
2, RSU8
2, RSU8
2, RSU8
2, RSU8
2, RSU8
2, RSU8
2, RSU8
2, RSU8
2, RSU8
2, RSU8
2, RSU8
2, RSU8
2, RSU8
2, RSU8
2, RSU8
2, RSU8
2, RSU8
2, RSU8
2, RSU8
2, RSU8
2, RSU8
2, RSU8
2, RSU8
2, RSU9
2, RSU9
2, RSU9
2, RSU9
2, RSU9
2, RSU9
2, RSU9
2, RSU9
2, RSU9
2, RSU9
2, RSU9
2, RSU9
2, RSU9
2, RSU9
2, RSU9
2, RSU9
2, RSU9
2, RSU9
2, RSU9
2, RSU9
2, RSU9
2, RSU9
2, RSU8
2, RSU8
2, RSU8
2, RSU8
2, RSU8
2, RSU8
2, RSU8
2, RSU8
2, RSU8
2, RSU8
2, RSU8
2, RSU8
2, RSU8
2, RSU8
2, RSU8
2, RSU8
2, RSU8
2, RSU8
2, RSU8
2, RSU8
2, RSU8
2, RSU8
2, RSU8
2, RSU8
2, RSU8
2, RSU8
2, RSU8
2, RSU8
2, RSU8
2, RSU8
2, RSU8
2, RSU8
2, RSU8
2, RSU8
2, RSU8
2, RSU8
2, RSU8
2, RSU8
2, RSU8
2, RSU8
2, RSU8
2, RSU8
2, RSU3
2, RSU3
2, RSU3
2, RSU3
2, RSU3
2, RSU3
2, RSU3
2, RSU3
2, RSU3
2, RSU3
2, RSU3
2, RSU3
2, RSU3
2, RSU3
2, RSU3
2, RSU3
2, RSU3
2, RSU3
2, RSU3
2, RSU3
2, RSU3
2, RSU3
2, RSU3
2, RSU2
2, RSU2
2, RSU2
2, RSU2
2, RSU2
2, RSU2
2, RSU2
2, RSU2
2, RSU2
2, RSU2
2, RSU2
2, RSU2
2, RSU2
2, RSU2
2, RSU2
2, RSU2
2, RSU2
2, RSU2
2, RSU2
2, RSU2
2, RSU2
2, RSU2
2, RSU2
2, RSU2
2, RSU2
2, RSU2
2, RSU2
2, RSU2
2, RSU2
2, RSU2
2, RSU2
2, RSU2
2, RSU2
2, RSU2
2, RSU2
2, RSU2
2, RSU2
2, RSU2
2, RSU2
2, RSU2
2, RSU2
2, RSU2
2, RSU2
2, RSU2
2, RSU2
2, RSU2
2, RSU2
2, RSU2
2, RSU2
2, RSU2
2, RSU2
2, RSU2
2, RSU2
2, RSU2
2, RSU2
2, RSU2
2, RSU2
2, RSU2
2, RSU2
2, RSU2
2, RSU2
2, RSU2
2, RSU2
2, RSU2
2, RSU2
2, RSU2
2, RSU2
2, RSU3
2, RSU3
2, RSU3
2, RSU3
2, RSU3
2, RSU3
2, RSU3
2, RSU3
2, RSU3
2, RSU3
2, RSU3
2, RSU3
2, RSU3
2, RSU3
2, RSU3
2, RSU3
2, RSU3
2, RSU3
2, RSU3
2, RSU3
2, RSU3
2, RSU3
2, RSU3
2, RSU3
2, RSU3
2, RSU3
2, RSU3
2, RSU3
2, RSU3
2, RSU3
2, RSU3
2, RSU3
2, RSU3
2, RSU3
2, RSU3
2, RSU3
2, RSU3
2, RSU3
2, RSU3
2, RSU3
2, RSU3
2, RSU3
2, RSU3
2, RSU3
2, RSU3
2, RSU3
2, RSU3
2, RSU3
2, RSU3
2, RSU3
2, RSU3
2, RSU3
2, RSU3
2, RSU3
2, RSU3
2, RSU3
2, RSU3
2, RSU3
2, RSU3
2, RSU3
2, RSU3
2, RSU3
2, RSU3
2, RSU3
2, RSU9
2, RSU9
2, RSU9
2, RSU9
2, RSU9
2, RSU9
2, RSU9
2, RSU9
2, RSU9
2, RSU9
2, RSU9
2, RSU9
2, RSU9
2, RSU9
2, RSU9
2, RSU9
2, RSU9
2, RSU9
2, RSU9
2, RSU9
2, RSU9
2, RSU9
2, RSU9
2, RSU9
2, RSU9
2, RSU9
2, RSU9
2, RSU9
2, RSU9
2, RSU9
2, RSU9
2, RSU9
2, RSU9
2, RSU9
2, RSU9
2, RSU9
2, RSU9
2, RSU9
2, RSU9
2, RSU9
2, RSU9
2, RSU9
2, RSU9
2, RSU9
2, RSU9
2, RSU9
2, RSU9
2, RSU9
2, RSU9
2, RSU9
2, RSU9
2, RSU9
2, RSU9
2, RSU9
2, RSU9
2, RSU9
2, RSU9
2, RSU9
2, RSU9
2, RSU9
2, RSU9
2, RSU9
2, RSU9
2, RSU9
2, RSU9
2, RSU9
2, RSU9
2, RSU9
2, RSU9
2, RSU9
2, RSU9
2, RSU9
2, RSU9
2, RSU9
2, RSU9
2, RSU9
2, RSU9
2, RSU9
2, RSU9
2, RSU9
2, RSU9
2, RSU9
2, RSU9
2, RSU9
2, RSU9
2, RSU9
2, RSU9
2, RSU9
2, RSU9
2, RSU9
2, RSU9
2, RSU9
2, RSU9
2, RSU9
2, RSU9
2, RSU9
2, RSU9
2, RSU9
2, RSU9
2, RSU9
2, RSU9
2, RSU9
2, RSU9
2, RSU9
2, RSU9
2, RSU9
2, RSU9
2, RSU9
2, RSU9
2, RSU9
2, RSU9
2, RSU9
2, RSU9
2, RSU9
2, RSU9
2, RSU9
2, RSU9
2, RSU9
2, RSU9
2, RSU9
2, RSU9
2, RSU9
2, RSU9
2, RSU9
2, RSU9
2, RSU9
2, RSU9
2, RSU9
2, RSU9
2, RSU9
2, RSU9
2, RSU9
2, RSU9
2, RSU9
2, RSU9
2, RSU9
2, RSU9
2, RSU9
2, RSU9
2, RSU9
2, RSU9
2, RSU9
2, RSU9
2, RSU9
2, RSU9
2, RSU9
2, RSU9
2, RSU9
2, RSU9
2, RSU9
2, RSU9
2, RSU9
2, RSU9
2, RSU9
2, RSU15
2, RSU15
2, RSU15
2, RSU15
2, RSU15
2, RSU15
2, RSU15
2, RSU15
2, RSU15
2, RSU15
2, RSU15
2, RSU15
2, RSU15
2, RSU15
2, RSU15
2, RSU15
2, RSU15
2, RSU15
2, RSU15
2, RSU15
2, RSU15
2, RSU15
2, RSU15
2, RSU15
2, RSU15
2, RSU15
2, RSU15
2, RSU15
2, RSU15
2, RSU15
2, RSU15
2, RSU15
2, RSU15
2, RSU19
2, RSU19
2, RSU19
2, RSU19
2, RSU19
2, RSU19
2, RSU19
2, RSU19
2, RSU19
2, RSU19
2, RSU19
2, RSU19
2, RSU19
2, RSU19
2, RSU19
2, RSU19
2, RSU19
2, RSU19
2, RSU19
2, RSU19
2, RSU19
2, RSU20
2, RSU20
2, RSU20
2, RSU20
2, RSU20
2, RSU20
2, RSU20
2, RSU20
2, RSU20
2, RSU20
2, RSU20
2, RSU20
2, RSU20
2, RSU20
2, RSU20
2, RSU25
2, RSU25
2, RSU25
2, RSU25
2, RSU25
2, RSU25
2, RSU25
2, RSU25
2, RSU25
2, RSU25
2, RSU25
2, RSU25
2, RSU25
2, RSU25
2, RSU25
2, RSU25
2, RSU25
2, RSU25
2, RSU25
2, RSU25
2, RSU25
2, RSU25
2, RSU25
2, RSU25
2, RSU29
2, RSU29
2, RSU29
2, RSU29
2, RSU29
2, RSU29
2, RSU29
2, RSU29
2, RSU29
2, RSU31
2, RSU31
2, RSU31
2, RSU31
2, RSU31
2, RSU31
2, RSU29
2, RSU29
2, RSU29
2, RSU29
2, RSU29
2, RSU29
2, RSU29
2, RSU29
2, RSU29
2, RSU29
2, RSU29
2, RSU29
2, RSU29
2, RSU29
2, RSU29
2, RSU29
2, RSU29
2, RSU29
2, RSU29
2, RSU29
2, RSU29
2, RSU29
2, RSU29
2, RSU29
2, RSU29
2, RSU29
2, RSU29
2, RSU29
2, RSU29
2, RSU29
2, RSU29
2, RSU29
2, RSU29
2, RSU29
2, RSU29
2, RSU29
2, RSU29
2, RSU29
2, RSU29
2, RSU29
2, RSU29
2, RSU29
2, RSU29
2, RSU29
2, RSU29
2, RSU29
2, RSU29
2, RSU29
2, RSU29
2, RSU29
2, RSU29
2, RSU29
2, RSU29
2, RSU29
2, RSU29
2, RSU29
2, RSU29
2, RSU29
2, RSU29
2, RSU29
2, RSU29
2, RSU29
2, RSU29
2, RSU29
2, RSU29
2, RSU29
2, RSU29
2, RSU29
2, RSU29
2, RSU29
2, RSU29
2, RSU29
2, RSU29
2, RSU29
2, RSU29
2, RSU29
2, RSU29
2, RSU29
2, RSU29
2, RSU29
2, RSU29
2, RSU29
2, RSU29
2, RSU29
2, RSU29
2, RSU29
2, RSU29
2, RSU29
2, RSU29
2, RSU29
2, RSU29
2, RSU29
2, RSU29
2, RSU29
2, RSU29
2, RSU29
2, RSU29
2, RSU29
2, RSU29
2, RSU29
2, RSU29
2, RSU29
2, RSU29
2, RSU29
2, RSU29
2, RSU29
2, RSU29
2, RSU29
2, RSU29
2, RSU29
2, RSU29
2, RSU29
2, RSU29
2, RSU29
2, RSU29
2, RSU29
2, RSU29
2, RSU29
2, RSU29
2, RSU25
2, RSU25
2, RSU25
2, RSU25
2, RSU25
2, RSU25
2, RSU25
2, RSU25
2, RSU25
2, RSU25
2, RSU25
2, RSU25
2, RSU25
2, RSU25
2, RSU25
2, RSU25
2, RSU25
2, RSU25
2, RSU25
2, RSU25
2, RSU25
2, RSU25
2, RSU25
2, RSU25
2, RSU25
2, RSU25
2, RSU25
2, RSU25
2, RSU25
2, RSU25
2, RSU25
2, RSU25
2, RSU25
2, RSU25
2, RSU25
2, RSU25
2, RSU25
2, RSU20
2, RSU20
2, RSU20
2, RSU20
2, RSU20
2, RSU20
2, RSU20
2, RSU20
2, RSU20
2, RSU20
2, RSU20
2, RSU20
2, RSU20
2, RSU20
2, RSU20
2, RSU20
2, RSU20
2, RSU19
2, RSU19
2, RSU19
2, RSU19
2, RSU19
2, RSU19
2, RSU19
2, RSU19
2, RSU19
2, RSU19
2, RSU19
2, RSU19
2, RSU19
2, RSU19
2, RSU19
2, RSU19
2, RSU19
2, RSU15
2, RSU15
2, RSU15
2, RSU15
2, RSU15
2, RSU15
2, RSU15
2, RSU15
2, RSU15
2, RSU15
2, RSU15
2, RSU15
2, RSU15
2, RSU15
2, RSU15
2, RSU15
2, RSU15
2, RSU15
2, RSU15
2, RSU15
2, RSU15
2, RSU15
2, RSU15
2, RSU15
2, RSU15
2, RSU15
2, RSU15
2, RSU15
2, RSU15
2, RSU15
2, RSU15
2, RSU15
2, RSU15
2, RSU15
2, RSU15
2, RSU15
2, RSU15
2, RSU15
2, RSU15
2, RSU15
2, RSU15
2, RSU15
2, RSU15
2, RSU15
2, RSU15
2, RSU15
2, RSU15
2, RSU15
2, RSU15
2, RSU15
2, RSU15
2, RSU15
2, RSU15
2, RSU9
2, RSU9
2, RSU9
2, RSU9
2, RSU9
2, RSU9
2, RSU9
2, RSU9
2, RSU9
2, RSU9
2, RSU9
2, RSU9
2, RSU9
2, RSU9
2, RSU9
2, RSU9
2, RSU9
2, RSU9
2, RSU9
2, RSU9
2, RSU9
2, RSU9
2, RSU9
2, RSU9
2, RSU9
2, RSU9
2, RSU9
2, RSU9
2, RSU9
2, RSU9
2, RSU9
2, RSU9
2, RSU9
2, RSU9
2, RSU9
2, RSU9
2, RSU9
2, RSU9
2, RSU9
2, RSU9
2, RSU9
2, RSU9
2, RSU9
2, RSU9
2, RSU9
2, RSU9
2, RSU9
2, RSU9
2, RSU9
2, RSU9
2, RSU9
2, RSU9
2, RSU9
2, RSU9
2, RSU9
2, RSU9
2, RSU9
2, RSU9
2, RSU9
2, RSU9
2, RSU9
2, RSU9
2, RSU9
2, RSU9
2, RSU9
2, RSU9
2, RSU9
2, RSU9
2, RSU9
2, RSU9
2, RSU9
2, RSU9
2, RSU9
2, RSU9
2, RSU9
2, RSU9
2, RSU9
2, RSU9
2, RSU9
2, RSU9
2, RSU9
2, RSU9
2, RSU9
2, RSU9
2, RSU9
2, RSU9
2, RSU9
2, RSU9
2, RSU9
2, RSU9
2, RSU9
2, RSU9
2, RSU9
2, RSU9
2, RSU9
2, RSU9
2, RSU9
2, RSU9
2, RSU9
2, RSU9
2, RSU9
2, RSU9
2, RSU9
2, RSU9
2, RSU9
2, RSU9
2, RSU9
2, RSU9
2, RSU9
2, RSU9
2, RSU9
2, RSU9
2, RSU9
2, RSU9
2, RSU9
2, RSU9
2, RSU9
2, RSU9
2, RSU9
2, RSU9
2, RSU9
2, RSU9
2, RSU9
2, RSU9
2, RSU9
2, RSU9
2, RSU9
2, RSU9
2, RSU9
2, RSU9
2, RSU9
2, RSU9
2, RSU9
2, RSU9
2, RSU9
2, RSU9
2, RSU9
2, RSU9
2, RSU9
2, RSU9
2, RSU9
2, RSU9
2, RSU9
2, RSU9
2, RSU9
2, RSU9
2, RSU9
2, RSU9
2, RSU9
2, RSU9
2, RSU9
2, RSU3
2, RSU3
2, RSU3
2, RSU3
2, RSU3
2, RSU3
2, RSU3
2, RSU3
2, RSU3
2, RSU3
2, RSU3
2, RSU3
2, RSU3
2, RSU3
2, RSU3
2, RSU3
2, RSU3
2, RSU3
2, RSU3
2, RSU3
2, RSU3
2, RSU3
2, RSU3
2, RSU3
2, RSU3
2, RSU3
2, RSU3
2, RSU3
2, RSU3
2, RSU3
2, RSU3
2, RSU3
2, RSU3
2, RSU3
2, RSU3
2, RSU3
2, RSU3
2, RSU3
2, RSU3
2, RSU3
2, RSU3
2, RSU3
2, RSU3
2, RSU3
2, RSU3
2, RSU3
2, RSU3
2, RSU3
2, RSU3
2, RSU3
2, RSU2
2, RSU2
2, RSU2
2, RSU2
2, RSU2
2, RSU2
2, RSU2
2, RSU2
2, RSU2
2, RSU2
2, RSU2
2, RSU2
2, RSU2
2, RSU2
2, RSU2
2, RSU2
2, RSU2
2, RSU2
2, RSU2
2, RSU2
2, RSU2
2, RSU2
2, RSU2
2, RSU2
2, RSU2
2, RSU2
2, RSU2
2, RSU2
2, RSU3
2, RSU3
2, RSU3
2, RSU3
2, RSU3
2, RSU3
2, RSU3
2, RSU3
2, RSU3
2, RSU3
2, RSU3
2, RSU3
2, RSU3
2, RSU3
2, RSU3
2, RSU3
2, RSU3
2, RSU3
2, RSU3
2, RSU3
2, RSU3
2, RSU3
2, RSU3
2, RSU3
2, RSU3
2, RSU3
2, RSU3
2, RSU3
2, RSU3
2, RSU3
2, RSU3
2, RSU3
2, RSU3
2, RSU3
2, RSU3
2, RSU3
2, RSU3
2, RSU3
2, RSU3
2, RSU3
2, RSU3
2, RSU3
2, RSU3
2, RSU3
2, RSU3
2, RSU3
2, RSU3
2, RSU3
2, RSU3
2, RSU3
2, RSU3
2, RSU8
2, RSU8
2, RSU8
2, RSU8
2, RSU8
2, RSU8
2, RSU8
2, RSU8
2, RSU8
2, RSU8
2, RSU8
2, RSU8
2, RSU8
2, RSU8
2, RSU8
2, RSU8
2, RSU8
2, RSU8
2, RSU8
2, RSU8
2, RSU8
2, RSU8
2, RSU8
2, RSU8
2, RSU8
2, RSU8
2, RSU8
2, RSU8
2, RSU8
2, RSU8
2, RSU8
2, RSU8
2, RSU8
2, RSU8
2, RSU8
2, RSU8
2, RSU8
2, RSU8
2, RSU8
2, RSU8
2, RSU8
2, RSU8
2, RSU8
2, RSU8
2, RSU8
2, RSU8
2, RSU8
2, RSU8
2, RSU8
2, RSU8
2, RSU8
2, RSU8
2, RSU8
2, RSU8
2, RSU8
2, RSU8
2, RSU8
2, RSU8
2, RSU8
2, RSU8
2, RSU8
2, RSU8
2, RSU8
2, RSU8
2, RSU8
2, RSU8
2, RSU8
2, RSU8
2, RSU8
2, RSU8
2, RSU8
2, RSU8
2, RSU8
2, RSU8
2, RSU8
2, RSU8
2, RSU8
2, RSU8
2, RSU8
2, RSU8
2, RSU8
2, RSU8
2, RSU8
2, RSU8
2, RSU8
2, RSU8
2, RSU8
2, RSU8
2, RSU8
2, RSU8
2, RSU8
2, RSU8
2, RSU8
2, RSU8
2, RSU8
2, RSU8
2, RSU8
2, RSU8
2, RSU8
2, RSU8
2, RSU8
2, RSU8
2, RSU8
2, RSU8
2, RSU8
2, RSU8
2, RSU8
2, RSU8
2, RSU8
2, RSU8
2, RSU8
2, RSU8
2, RSU8
2, RSU8
2, RSU8
2, RSU8
2, RSU8
2, RSU8
2, RSU8
2, RSU8
2, RSU8
2, RSU8
2, RSU8
2, RSU8
2, RSU8
2, RSU8
2, RSU8
2, RSU8
2, RSU8
2, RSU9
2, RSU9
2, RSU9
2, RSU9
2, RSU9
2, RSU9
2, RSU9
2, RSU9
2, RSU9
2, RSU9
2, RSU9
2, RSU9
2, RSU9
2, RSU9
2, RSU9
2, RSU9
2, RSU9
2, RSU15
2, RSU15
2, RSU15
2, RSU15
2, RSU15
2, RSU15
2, RSU15
2, RSU15
2, RSU15
2, RSU15
2, RSU15
2, RSU15
2, RSU15
2, RSU15
2, RSU15
2, RSU15
2, RSU15
2, RSU15
2, RSU15
2, RSU15
2, RSU15
2, RSU15
2, RSU15
2, RSU15
2, RSU15
2, RSU15
2, RSU15
2, RSU15
2, RSU15
2, RSU15
2, RSU15
2, RSU15
2, RSU15
2, RSU19
2, RSU19
2, RSU19
2, RSU19
2, RSU19
2, RSU19
2, RSU19
2, RSU19
2, RSU19
2, RSU19
2, RSU19
2, RSU19
2, RSU19
2, RSU19
2, RSU19
2, RSU19
2, RSU19
2, RSU19
2, RSU19
2, RSU19
2, RSU19
2, RSU20
2, RSU20
2, RSU20
2, RSU20
2, RSU20
2, RSU20
2, RSU20
2, RSU20
2, RSU20
2, RSU24
2, RSU24
2, RSU24
2, RSU24
2, RSU24
2, RSU24
2, RSU24
2, RSU24
2, RSU24
2, RSU24
2, RSU24
2, RSU24
2, RSU24
2, RSU24
2, RSU24
2, RSU24
2, RSU24
2, RSU24
2, RSU24
2, RSU24
2, RSU24
2, RSU24
2, RSU27
2, RSU27
2, RSU27
2, RSU27
2, RSU27
2, RSU27
2, RSU27
2, RSU27
2, RSU27
2, RSU27
2, RSU27
2, RSU27
2, RSU27
2, RSU27
2, RSU27
2, RSU27
2, RSU27
2, RSU27
2, RSU27
2, RSU27
2, RSU27
2, RSU27
2, RSU27
2, RSU27
2, RSU27
2, RSU27
2, RSU27
2, RSU27
2, RSU27
2, RSU27
2, RSU27
2, RSU27
2, RSU27
2, RSU27
2, RSU28
2, RSU28
2, RSU28
2, RSU28
2, RSU28
2, RSU28
2, RSU28
2, RSU28
2, RSU28
2, RSU28
2, RSU28
2, RSU28
2, RSU28
2, RSU28
2, RSU28
2, RSU28
2, RSU28
2, RSU28
2, RSU28
2, RSU28
2, RSU28
2, RSU28
2, RSU28
2, RSU29
2, RSU29
2, RSU29
2, RSU29
2, RSU29
2, RSU29
2, RSU29
2, RSU29
2, RSU29
2, RSU29
2, RSU29
2, RSU29
2, RSU29
2, RSU29
2, RSU29
2, RSU29
2, RSU29
2, RSU29
2, RSU29
2, RSU29
2, RSU29
2, RSU29
2, RSU29
2, RSU29
2, RSU29
2, RSU29
2, RSU29
2, RSU29
2, RSU29
2, RSU29
2, RSU29
2, RSU29
2, RSU29
2, RSU29
2, RSU29
2, RSU29
2, RSU29
2, RSU29
2, RSU29
2, RSU29
2, RSU29
2, RSU29
2, RSU29
2, RSU29
2, RSU29
2, RSU29
2, RSU29
2, RSU29
2, RSU29
2, RSU29
2, RSU29
2, RSU29
2, RSU29
2, RSU29
2, RSU29
2, RSU29
2, RSU29
2, RSU29
2, RSU29
2, RSU29
2, RSU29
2, RSU29
2, RSU29
2, RSU29
2, RSU29
2, RSU29
2, RSU29
2, RSU29
2, RSU29
2, RSU29
2, RSU29
2, RSU29
2, RSU29
2, RSU29
2, RSU29
2, RSU29
2, RSU29
2, RSU29
2, RSU29
2, RSU29
2, RSU29
2, RSU29
2, RSU29
2, RSU29
2, RSU29
2, RSU29
2, RSU29
2, RSU29
2, RSU29
2, RSU29
2, RSU29
2, RSU29
2, RSU29
2, RSU29
2, RSU31
2, RSU31
2, RSU31
2, RSU31
2, RSU31
2, RSU31
2, RSU31
2, RSU31
2, RSU31
2, RSU31
2, RSU31
2, RSU31
2, RSU31
2, RSU31
2, RSU31
2, RSU31
2, RSU31
2, RSU31
2, RSU31
2, RSU31
2, RSU31
2, RSU31
2, RSU31
2, RSU31
2, RSU31
2, RSU31
2, RSU33
2, RSU33
2, RSU33
2, RSU33
2, RSU33
2, RSU33
2, RSU33
2, RSU33
2, RSU33
2, RSU33
2, RSU33
2, RSU33
2, RSU33
2, RSU33
2, RSU33
2, RSU33
2, RSU33
2, RSU33
2, RSU33
2, RSU33
2, RSU33
2, RSU34
2, RSU34
2, RSU34
2, RSU35
2, RSU35
2, RSU35
2, RSU35
2, RSU35
2, RSU35
2, RSU35
2, RSU35
2, RSU35
2, RSU35
2, RSU35
2, RSU35
2, RSU35
2, RSU35
2, RSU35
2, RSU35
2, RSU35
2, RSU35
2, RSU35
2, RSU35
2, RSU35
2, RSU35
2, RSU35
2, RSU35
2, RSU35
2, RSU35
2, RSU35
2, RSU35
2, RSU35
2, RSU35
2, RSU35
2, RSU35
2, RSU35
2, RSU35
2, RSU35
2, RSU35
2, RSU35
2, RSU35
2, RSU35
2, RSU35
2, RSU35
2, RSU35
2, RSU35
2, RSU35
2, RSU35
2, RSU35
2, RSU35
2, RSU35
2, RSU35
2, RSU35
2, RSU35
2, RSU34
2, RSU34
2, RSU34
2, RSU34
2, RSU33
2, RSU33
2, RSU33
2, RSU33
2, RSU33
2, RSU33
2, RSU33
2, RSU33
2, RSU33
2, RSU33
2, RSU33
2, RSU33
2, RSU33
2, RSU33
2, RSU33
2, RSU33
2, RSU33
2, RSU33
2, RSU33
2, RSU33
2, RSU31
2, RSU31
2, RSU31
2, RSU31
2, RSU31
2, RSU31
2, RSU31
2, RSU31
2, RSU31
2, RSU31
2, RSU31
2, RSU31
2, RSU31
2, RSU31
2, RSU31
2, RSU31
2, RSU31
2, RSU31
2, RSU31
2, RSU31
2, RSU31
2, RSU29
2, RSU29
2, RSU29
2, RSU29
2, RSU29
2, RSU29
2, RSU29
2, RSU29
2, RSU25
2, RSU25
2, RSU25
2, RSU25
2, RSU25
2, RSU25
2, RSU25
2, RSU25
2, RSU25
2, RSU25
2, RSU25
2, RSU25
2, RSU25
2, RSU25
2, RSU25
2, RSU25
2, RSU25
2, RSU25
2, RSU25
2, RSU25
2, RSU15
2, RSU15
2, RSU15
2, RSU15
2, RSU15
2, RSU15
2, RSU15
2, RSU15
2, RSU15
2, RSU15
2, RSU15
2, RSU15
2, RSU15
2, RSU15
2, RSU15
2, RSU15
2, RSU15
2, RSU15
2, RSU15
2, RSU15
2, RSU15
2, RSU15
2, RSU9
2, RSU9
2, RSU9
2, RSU9
2, RSU9
2, RSU9
2, RSU9
2, RSU9
2, RSU9
2, RSU9
2, RSU9
2, RSU9
2, RSU9
2, RSU9
2, RSU9
2, RSU9
2, RSU9
2, RSU9
2, RSU9
2, RSU9
2, RSU9
2, RSU9
2, RSU9
2, RSU9
2, RSU9
2, RSU9
2, RSU9
2, RSU9
2, RSU9
2, RSU9
2, RSU9
2, RSU9
2, RSU9
2, RSU9
2, RSU9
2, RSU9
2, RSU9
2, RSU9
2, RSU9
2, RSU9
2, RSU9
2, RSU9
2, RSU9
2, RSU9
2, RSU9
2, RSU9
2, RSU9
2, RSU9
2, RSU9
2, RSU9
2, RSU9
2, RSU9
2, RSU9
2, RSU9
2, RSU9
2, RSU9
2, RSU9
2, RSU9
2, RSU9
2, RSU9
2, RSU9
2, RSU9
2, RSU9
2, RSU9
2, RSU9
2, RSU9
2, RSU9
2, RSU9
2, RSU9
2, RSU9
2, RSU9
2, RSU9
2, RSU9
2, RSU9
2, RSU9
2, RSU9
2, RSU9
2, RSU9
2, RSU9
2, RSU9
2, RSU9
2, RSU9
2, RSU9
2, RSU9
2, RSU9
2, RSU9
2, RSU9
2, RSU9
2, RSU9
2, RSU9
2, RSU9
2, RSU9
2, RSU9
2, RSU9
2, RSU9
2, RSU9
2, RSU9
2, RSU9
2, RSU9
2, RSU9
2, RSU9
2, RSU9
2, RSU9
2, RSU9
2, RSU9
2, RSU9
2, RSU9
2, RSU3
2, RSU3
2, RSU3
2, RSU3
2, RSU3
2, RSU3
2, RSU3
2, RSU3
2, RSU3
2, RSU3
2, RSU3
2, RSU3
2, RSU3
2, RSU3
2, RSU3
2, RSU3
2, RSU3
2, RSU3
2, RSU3
2, RSU3
2, RSU3
2, RSU3
2, RSU3
2, RSU3
2, RSU3
2, RSU3
2, RSU3
2, RSU3
2, RSU3
2, RSU3
2, RSU3
2, RSU3
2, RSU3
2, RSU3
2, RSU3
2, RSU3
2, RSU3
2, RSU3
2, RSU3
2, RSU3
2, RSU3
2, RSU3
2, RSU3
2, RSU3
2, RSU3
2, RSU3
2, RSU3
2, RSU3
2, RSU3
2, RSU3
2, RSU2
2, RSU2
2, RSU2
2, RSU2
2, RSU2
2, RSU2
2, RSU2
2, RSU2
2, RSU2
2, RSU2
2, RSU2
2, RSU2
2, RSU2
2, RSU2
2, RSU2
2, RSU2
2, RSU2
2, RSU2
2, RSU2
2, RSU2
2, RSU2
2, RSU2
2, RSU2
2, RSU2
2, RSU2
2, RSU2
2, RSU2
2, RSU2
2, RSU2
2, RSU2
2, RSU2
2, RSU2
2, RSU2
2, RSU2
2, RSU2
2, RSU2
2, RSU2
2, RSU2
2, RSU2
2, RSU2
2, RSU2
2, RSU2
2, RSU2
2, RSU2
2, RSU2
2, RSU2
2, RSU2
2, RSU2
2, RSU2
2, RSU2
2, RSU2
2, RSU2
2, RSU2
2, RSU2
2, RSU4
2, RSU4
2, RSU4
2, RSU4
2, RSU4
2, RSU4
2, RSU4
2, RSU4
2, RSU4
2, RSU4
2, RSU4
2, RSU4
2, RSU4
2, RSU4
2, RSU6
2, RSU6
2, RSU6
2, RSU6
2, RSU6
2, RSU6
2, RSU6
2, RSU6
2, RSU6
2, RSU6
2, RSU6
2, RSU6
2, RSU6
2, RSU6
2, RSU6
2, RSU6
2, RSU6
2, RSU6
2, RSU6
2, RSU6
2, RSU6
2, RSU6
2, RSU6
2, RSU6
2, RSU6
2, RSU6
2, RSU6
2, RSU6
2, RSU6
2, RSU6
2, RSU6
2, RSU6
2, RSU6
2, RSU6
2, RSU6
2, RSU6
2, RSU6
2, RSU6
2, RSU6
2, RSU6
2, RSU6
2, RSU6
2, RSU6
2, RSU6
2, RSU6
2, RSU6
2, RSU7
2, RSU7
2, RSU7
2, RSU7
2, RSU7
2, RSU7
2, RSU7
2, RSU7
2, RSU7
2, RSU7
2, RSU7
2, RSU7
2, RSU7
2, RSU7
2, RSU7
2, RSU7
2, RSU7
2, RSU7
2, RSU7
2, RSU7
2, RSU7
2, RSU7
2, RSU7
2, RSU7
2, RSU7
2, RSU7
2, RSU7
2, RSU7
2, RSU7
2, RSU7
2, RSU7
2, RSU7
2, RSU7
2, RSU7
2, RSU7
2, RSU7
2, RSU7
2, RSU7
2, RSU7
2, RSU7
2, RSU7
2, RSU7
2, RSU7
2, RSU7
2, RSU7
2, RSU7
2, RSU7
2, RSU7
2, RSU7
2, RSU7
2, RSU7
2, RSU8
2, RSU8
2, RSU8
2, RSU8
2, RSU8
2, RSU8
2, RSU8
2, RSU8
2, RSU8
2, RSU8
2, RSU8
2, RSU8
2, RSU8
2, RSU8
2, RSU8
2, RSU8
2, RSU8
2, RSU8
2, RSU8
2, RSU8
2, RSU8
2, RSU8
2, RSU8
2, RSU8
2, RSU8
2, RSU8
2, RSU8
2, RSU8
2, RSU8
2, RSU9
2, RSU9
2, RSU9
2, RSU9
2, RSU9
2, RSU9
2, RSU9
2, RSU9
2, RSU9
2, RSU9
2, RSU9
2, RSU9
2, RSU9
2, RSU9
2, RSU9
2, RSU9
2, RSU9
2, RSU9
2, RSU9
2, RSU9
2, RSU9
2, RSU9
2, RSU9
2, RSU9
2, RSU9
2, RSU9
2, RSU9
2, RSU9
2, RSU9
2, RSU9
2, RSU9
2, RSU9
2, RSU9
2, RSU9
2, RSU9
2, RSU9
2, RSU9
2, RSU9
2, RSU9
2, RSU15
2, RSU15
2, RSU15
2, RSU15
2, RSU15
2, RSU15
2, RSU15
2, RSU15
2, RSU15
2, RSU15
2, RSU15
2, RSU15
2, RSU15
2, RSU15
2, RSU15
2, RSU15
2, RSU15
2, RSU15
2, RSU15
2, RSU15
2, RSU15
2, RSU15
2, RSU25
2, RSU25
2, RSU25
2, RSU25
2, RSU25
2, RSU25
2, RSU25
2, RSU25
2, RSU25
2, RSU25
2, RSU25
2, RSU25
2, RSU25
2, RSU25
2, RSU25
2, RSU25
2, RSU25
2, RSU25
2, RSU25
2, RSU25
2, RSU25
2, RSU25
2, RSU29
2, RSU29
2, RSU29
2, RSU29
2, RSU29
2, RSU29
2, RSU29
2, RSU29
2, RSU29
2, RSU31
2, RSU31
2, RSU31
2, RSU31
2, RSU31
2, RSU31
2, RSU29
2, RSU29
2, RSU29
2, RSU29
2, RSU29
2, RSU29
2, RSU29
2, RSU29
2, RSU29
2, RSU29
2, RSU29
2, RSU29
2, RSU29
2, RSU29
2, RSU29
2, RSU29
2, RSU29
2, RSU29
2, RSU29
2, RSU29
2, RSU29
2, RSU29
2, RSU29
2, RSU29
2, RSU29
2, RSU29
2, RSU29
2, RSU29
2, RSU29
2, RSU29
2, RSU29
2, RSU29
2, RSU29
2, RSU29
2, RSU29
2, RSU29
2, RSU29
2, RSU29
2, RSU29
2, RSU29
2, RSU29
2, RSU29
2, RSU29
2, RSU29
2, RSU29
2, RSU29
2, RSU29
2, RSU29
2, RSU29
2, RSU29
2, RSU29
2, RSU29
2, RSU29
2, RSU29
2, RSU29
2, RSU29
2, RSU29
2, RSU29
2, RSU29
2, RSU29
2, RSU29
2, RSU29
2, RSU29
2, RSU29
2, RSU29
2, RSU29
2, RSU29
2, RSU29
2, RSU29
2, RSU29
2, RSU29
2, RSU29
2, RSU29
2, RSU29
2, RSU29
2, RSU29
2, RSU29
2, RSU29
2, RSU29
2, RSU29
2, RSU29
2, RSU29
2, RSU29
2, RSU29
2, RSU29
2, RSU29
2, RSU29
2, RSU29
2, RSU29
2, RSU29
2, RSU29
2, RSU29
2, RSU29
2, RSU29
2, RSU29
2, RSU29
2, RSU29
2, RSU29
2, RSU29
2, RSU29
2, RSU29
2, RSU29
2, RSU29
2, RSU29
2, RSU29
2, RSU29
2, RSU29
2, RSU29
2, RSU29
2, RSU29
2, RSU29
2, RSU29
2, RSU29
2, RSU29
2, RSU29
2, RSU29
2, RSU29
2, RSU31
2, RSU31
2, RSU31
2, RSU31
2, RSU31
2, RSU31
2, RSU31
2, RSU31
2, RSU31
2, RSU29
2, RSU29
2, RSU29
2, RSU29
2, RSU29
2, RSU29
2, RSU29
2, RSU29
2, RSU29
2, RSU25
2, RSU25
2, RSU25
2, RSU25
2, RSU25
2, RSU25
2, RSU25
2, RSU25
2, RSU25
2, RSU25
2, RSU25
2, RSU25
2, RSU25
2, RSU25
2, RSU25
2, RSU25
2, RSU25
2, RSU25
2, RSU25
2, RSU15
2, RSU15
2, RSU15
2, RSU15
2, RSU15
2, RSU15
2, RSU15
2, RSU15
2, RSU15
2, RSU15
2, RSU15
2, RSU15
2, RSU15
2, RSU15
2, RSU15
2, RSU15
2, RSU15
2, RSU15
2, RSU15
2, RSU15
2, RSU15
2, RSU15
2, RSU9
2, RSU9
2, RSU9
2, RSU9
2, RSU9
2, RSU9
2, RSU9
2, RSU9
2, RSU9
2, RSU9
2, RSU9
2, RSU9
2, RSU9
2, RSU9
2, RSU9
2, RSU9
2, RSU9
2, RSU9
2, RSU9
2, RSU9
2, RSU9
2, RSU9
2, RSU9
2, RSU9
2, RSU9
2, RSU9
2, RSU8
2, RSU8
2, RSU8
2, RSU8
2, RSU8
2, RSU8
2, RSU8
2, RSU8
2, RSU8
2, RSU8
2, RSU8
2, RSU8
2, RSU8
2, RSU8
2, RSU8
2, RSU8
2, RSU8
2, RSU8
2, RSU8
2, RSU8
2, RSU8
2, RSU8
2, RSU8
2, RSU8
2, RSU8
2, RSU8
2, RSU8
2, RSU8
2, RSU8
2, RSU8
2, RSU8
2, RSU8
2, RSU8
2, RSU8
2, RSU8
2, RSU8
2, RSU8
2, RSU8
2, RSU8
2, RSU8
2, RSU8
2, RSU8
2, RSU8
2, RSU8
2, RSU8
2, RSU8
2, RSU8
2, RSU8
2, RSU8
2, RSU8
2, RSU8
2, RSU8
2, RSU8
2, RSU8
2, RSU8
2, RSU8
2, RSU8
2, RSU8
2, RSU8
2, RSU8
2, RSU8
2, RSU8
2, RSU8
2, RSU8
2, RSU8
2, RSU8
2, RSU8
2, RSU8
2, RSU8
2, RSU8
2, RSU8
2, RSU8
2, RSU8
2, RSU8
2, RSU8
2, RSU8
2, RSU8
2, RSU8
2, RSU8
2, RSU8
2, RSU8
2, RSU8
2, RSU8
2, RSU8
2, RSU8
2, RSU8
2, RSU8
2, RSU8
2, RSU8
2, RSU8
2, RSU8
2, RSU8
2, RSU8
2, RSU8
2, RSU8
2, RSU8
2, RSU8
2, RSU8
2, RSU8
2, RSU8
2, RSU8
2, RSU8
2, RSU8
2, RSU8
2, RSU8
2, RSU8
2, RSU8
2, RSU8
2, RSU8
2, RSU8
2, RSU8
2, RSU8
2, RSU8
2, RSU8
2, RSU8
2, RSU8
2, RSU8
2, RSU8
2, RSU8
2, RSU9
2, RSU9
2, RSU9
2, RSU9
2, RSU9
2, RSU9
2, RSU9
2, RSU9
2, RSU9
2, RSU9
2, RSU9
2, RSU9
2, RSU9
2, RSU9
2, RSU9
2, RSU9
2, RSU9
2, RSU9
2, RSU9
2, RSU9
2, RSU9
2, RSU9
2, RSU8
2, RSU8
2, RSU8
2, RSU8
2, RSU8
2, RSU8
2, RSU8
2, RSU8
2, RSU8
2, RSU8
2, RSU8
2, RSU8
2, RSU8
2, RSU8
2, RSU8
2, RSU8
2, RSU8
2, RSU8
2, RSU8
2, RSU8
2, RSU8
2, RSU8
2, RSU8
2, RSU8
2, RSU8
2, RSU8
2, RSU8
2, RSU3
2, RSU3
2, RSU3
2, RSU3
2, RSU3
2, RSU3
2, RSU3
2, RSU3
2, RSU3
2, RSU3
2, RSU3
2, RSU3
2, RSU3
2, RSU3
2, RSU3
2, RSU3
2, RSU3
2, RSU3
2, RSU3
2, RSU3
2, RSU3
2, RSU3
2, RSU3
2, RSU3
2, RSU3
2, RSU3
2, RSU3
2, RSU3
2, RSU3
2, RSU3
2, RSU3
2, RSU3
2, RSU3
2, RSU3
2, RSU3
2, RSU3
2, RSU3
2, RSU3
2, RSU3
2, RSU3
2, RSU3
2, RSU3
2, RSU3
2, RSU3
2, RSU3
2, RSU3
2, RSU3
2, RSU3
2, RSU3
2, RSU3
2, RSU3
2, RSU3
2, RSU3
2, RSU3
2, RSU3
2, RSU3
2, RSU3
2, RSU3
2, RSU3
2, RSU3
2, RSU3
2, RSU3
2, RSU3
2, RSU3
2, RSU3
2, RSU3
2, RSU3
2, RSU3
2, RSU3
2, RSU3
2, RSU3
2, RSU3
2, RSU3
2, RSU3
2, RSU3
2, RSU3
2, RSU3
2, RSU3
2, RSU3
2, RSU3
2, RSU3
2, RSU3
2, RSU3
2, RSU3
2, RSU3
2, RSU3
2, RSU3
2, RSU3
2, RSU3
2, RSU3
2, RSU3
2, RSU3
2, RSU3
2, RSU3
2, RSU3
2, RSU3
2, RSU3
2, RSU3
2, RSU3
2, RSU3
2, RSU3
2, RSU3
2, RSU3
2, RSU3
2, RSU3
2, RSU3
2, RSU3
2, RSU3
2, RSU3
2, RSU3
2, RSU3
2, RSU3
2, RSU3
2, RSU3
2, RSU3
2, RSU3
2, RSU3
2, RSU3
2, RSU3
2, RSU3
2, RSU3
2, RSU3
2, RSU3
2, RSU3
2, RSU3
2, RSU3
2, RSU3
2, RSU3
2, RSU3
2, RSU3
2, RSU3
2, RSU3
2, RSU3
2, RSU3
2, RSU3
2, RSU3
2, RSU3
2, RSU3
2, RSU3
2, RSU3
2, RSU3
2, RSU3
2, RSU3
2, RSU3
2, RSU3
2, RSU3
2, RSU3
2, RSU3
2, RSU3
2, RSU3
2, RSU9
2, RSU9
2, RSU9
2, RSU9
2, RSU9
2, RSU9
2, RSU9
2, RSU9
2, RSU9
2, RSU9
2, RSU9
2, RSU9
2, RSU9
2, RSU9
2, RSU9
2, RSU9
2, RSU9
2, RSU9
2, RSU9
2, RSU9
2, RSU9
2, RSU9
2, RSU9
2, RSU9
2, RSU9
2, RSU9
2, RSU9
2, RSU9
2, RSU9
2, RSU9
2, RSU9
2, RSU9
2, RSU9
2, RSU9
2, RSU9
2, RSU9
2, RSU9
2, RSU9
2, RSU9
2, RSU9
2, RSU9
2, RSU9
2, RSU9
2, RSU9
2, RSU9
2, RSU9
2, RSU9
2, RSU9
2, RSU9
2, RSU9
2, RSU9
2, RSU9
2, RSU9
2, RSU9
2, RSU9
2, RSU9
2, RSU9
2, RSU9
2, RSU9
2, RSU9
2, RSU9
2, RSU9
2, RSU9
2, RSU9
2, RSU9
2, RSU9
2, RSU9
2, RSU9
2, RSU9
2, RSU9
2, RSU9
2, RSU9
2, RSU9
2, RSU9
2, RSU9
2, RSU9
2, RSU9
2, RSU9
2, RSU9
2, RSU9
2, RSU9
2, RSU9
2, RSU9
2, RSU9
2, RSU9
2, RSU9
2, RSU9
2, RSU9
2, RSU9
2, RSU9
2, RSU9
2, RSU9
2, RSU9
2, RSU9
2, RSU9
2, RSU9
2, RSU9
2, RSU9
2, RSU9
2, RSU9
2, RSU9
2, RSU9
2, RSU9
2, RSU9
2, RSU9
2, RSU9
2, RSU9
2, RSU9
2, RSU9
2, RSU9
2, RSU9
2, RSU9
2, RSU9
2, RSU9
2, RSU9
2, RSU15
2, RSU15
2, RSU15
2, RSU15
2, RSU15
2, RSU15
2, RSU15
2, RSU15
2, RSU15
2, RSU15
2, RSU15
2, RSU15
2, RSU15
2, RSU15
2, RSU15
2, RSU15
2, RSU15
2, RSU15
2, RSU15
2, RSU15
2, RSU15
2, RSU15
2, RSU15
2, RSU15
2, RSU15
2, RSU15
2, RSU15
2, RSU15
2, RSU15
2, RSU15
2, RSU15
2, RSU15
2, RSU15
2, RSU15
2, RSU15
2, RSU15
2, RSU15
2, RSU15
2, RSU15
2, RSU15
2, RSU15
2, RSU15
2, RSU15
2, RSU15
2, RSU15
2, RSU15
2, RSU15
2, RSU15
2, RSU15
2, RSU15
2, RSU15
2, RSU15
2, RSU15
2, RSU15
2, RSU15
2, RSU15
2, RSU15
2, RSU15
2, RSU20
2, RSU20
2, RSU20
2, RSU20
2, RSU20
2, RSU20
2, RSU20
2, RSU20
2, RSU20
2, RSU20
2, RSU25
2, RSU25
2, RSU25
2, RSU25
2, RSU25
2, RSU25
2, RSU25
2, RSU25
2, RSU25
2, RSU25
2, RSU25
2, RSU25
2, RSU25
2, RSU25
2, RSU25
2, RSU25
2, RSU25
2, RSU25
2, RSU25
2, RSU25
2, RSU25
2, RSU25
2, RSU25
2, RSU25
2, RSU29
2, RSU29
2, RSU29
2, RSU29
2, RSU29
2, RSU29
2, RSU29
2, RSU29
2, RSU29
2, RSU29
2, RSU31
2, RSU31
2, RSU31
2, RSU31
2, RSU31
2, RSU29
2, RSU29
2, RSU29
2, RSU29
2, RSU29
2, RSU29
2, RSU29
2, RSU29
2, RSU29
2, RSU29
2, RSU29
2, RSU29
2, RSU29
2, RSU29
2, RSU29
2, RSU29
2, RSU29
2, RSU29
2, RSU29
2, RSU29
2, RSU29
2, RSU29
2, RSU29
2, RSU29
2, RSU29
2, RSU29
2, RSU29
2, RSU29
2, RSU29
2, RSU29
2, RSU29
2, RSU29
2, RSU29
2, RSU29
2, RSU29
2, RSU29
2, RSU29
2, RSU29
2, RSU29
2, RSU29
2, RSU29
2, RSU29
2, RSU29
2, RSU29
2, RSU29
2, RSU29
2, RSU29
2, RSU29
2, RSU29
2, RSU29
2, RSU29
2, RSU29
2, RSU29
2, RSU29
2, RSU29
2, RSU29
2, RSU29
2, RSU29
2, RSU29
2, RSU29
2, RSU29
2, RSU29
2, RSU29
2, RSU29
2, RSU29
2, RSU29
2, RSU29
2, RSU29
2, RSU29
2, RSU29
2, RSU29
2, RSU29
2, RSU29
2, RSU29
2, RSU29
2, RSU29
2, RSU29
2, RSU29
2, RSU29
2, RSU29
2, RSU29
2, RSU29
2, RSU29
2, RSU29
2, RSU29
2, RSU29
2, RSU29
2, RSU29
2, RSU29
2, RSU29
2, RSU29
2, RSU29
2, RSU29
2, RSU29
2, RSU29
2, RSU29
2, RSU29
2, RSU29
2, RSU29
2, RSU29
2, RSU29
2, RSU29
2, RSU29
2, RSU29
2, RSU29
2, RSU29
2, RSU29
2, RSU29
2, RSU29
2, RSU29
2, RSU29
2, RSU29
2, RSU29
2, RSU29
2, RSU29
2, RSU29
2, RSU29
2, RSU29
2, RSU29
2, RSU29
2, RSU29
2, RSU29
2, RSU29
2, RSU29
2, RSU29
2, RSU29
2, RSU29
2, RSU29
2, RSU29
2, RSU29
2, RSU29
2, RSU29
2, RSU29
2, RSU28
2, RSU28
2, RSU28
2, RSU28
2, RSU28
2, RSU28
2, RSU28
2, RSU28
2, RSU28
2, RSU28
2, RSU28
2, RSU28
2, RSU28
2, RSU28
2, RSU28
2, RSU28
2, RSU28
2, RSU28
2, RSU28
2, RSU28
2, RSU28
2, RSU28
2, RSU28
2, RSU28
2, RSU27
2, RSU27
2, RSU27
2, RSU27
2, RSU27
2, RSU27
2, RSU27
2, RSU27
2, RSU27
2, RSU27
2, RSU27
2, RSU27
2, RSU27
2, RSU27
2, RSU27
2, RSU27
2, RSU27
2, RSU27
2, RSU27
2, RSU27
2, RSU27
2, RSU27
2, RSU27
2, RSU27
2, RSU27
2, RSU27
2, RSU27
2, RSU27
2, RSU27
2, RSU27
2, RSU27
2, RSU27
2, RSU27
2, RSU24
2, RSU24
2, RSU24
2, RSU24
2, RSU24
2, RSU24
2, RSU24
2, RSU24
2, RSU24
2, RSU24
2, RSU24
2, RSU24
2, RSU24
2, RSU24
2, RSU24
2, RSU24
2, RSU24
2, RSU24
2, RSU24
2, RSU24
2, RSU24
2, RSU24
2, RSU20
2, RSU20
2, RSU20
2, RSU20
2, RSU20
2, RSU20
2, RSU20
2, RSU20
2, RSU20
2, RSU20
2, RSU19
2, RSU19
2, RSU19
2, RSU19
2, RSU19
2, RSU19
2, RSU19
2, RSU19
2, RSU19
2, RSU19
2, RSU19
2, RSU20
2, RSU20
2, RSU20
2, RSU20
2, RSU20
2, RSU20
2, RSU20
2, RSU20
2, RSU20
2, RSU20
2, RSU20
2, RSU20
2, RSU20
2, RSU20
2, RSU25
2, RSU25
2, RSU25
2, RSU25
2, RSU25
2, RSU25
2, RSU25
2, RSU25
2, RSU25
2, RSU25
2, RSU25
2, RSU25
2, RSU25
2, RSU25
2, RSU25
2, RSU25
2, RSU25
2, RSU25
2, RSU25
2, RSU25
2, RSU25
2, RSU25
2, RSU25
2, RSU25
2, RSU25
2, RSU25
2, RSU25
2, RSU25
2, RSU25
2, RSU25
2, RSU15
2, RSU15
2, RSU15
2, RSU15
2, RSU15
2, RSU15
2, RSU15
2, RSU15
2, RSU15
2, RSU15
2, RSU15
2, RSU15
2, RSU15
2, RSU15
2, RSU15
2, RSU15
2, RSU15
2, RSU15
2, RSU15
2, RSU15
2, RSU15
2, RSU15
2, RSU15
2, RSU9
2, RSU9
2, RSU9
2, RSU9
2, RSU9
2, RSU9
2, RSU9
2, RSU9
2, RSU9
2, RSU9
2, RSU9
2, RSU9
2, RSU9
2, RSU9
2, RSU9
2, RSU9
2, RSU9
2, RSU9
2, RSU9
2, RSU9
2, RSU9
2, RSU9
2, RSU9
2, RSU9
2, RSU9
2, RSU9
2, RSU9
2, RSU9
2, RSU9
2, RSU9
2, RSU9
2, RSU9
2, RSU9
2, RSU9
2, RSU9
2, RSU9
2, RSU9
2, RSU9
2, RSU9
2, RSU9
2, RSU9
2, RSU9
2, RSU9
2, RSU9
2, RSU9
2, RSU9
2, RSU9
2, RSU9
2, RSU9
2, RSU9
2, RSU9
2, RSU9
2, RSU9
2, RSU9
2, RSU9
2, RSU9
2, RSU9
2, RSU9
2, RSU9
2, RSU9
2, RSU9
2, RSU9
2, RSU9
2, RSU9
2, RSU9
2, RSU9
2, RSU9
2, RSU9
2, RSU9
2, RSU9
2, RSU9
2, RSU9
2, RSU9
2, RSU9
2, RSU9
2, RSU9
2, RSU9
2, RSU9
2, RSU9
2, RSU9
2, RSU9
2, RSU9
2, RSU9
2, RSU9
2, RSU9
2, RSU9
2, RSU9
2, RSU9
2, RSU9
2, RSU9
2, RSU9
2, RSU9
2, RSU9
2, RSU9
2, RSU9
2, RSU9
2, RSU9
2, RSU9
2, RSU9
2, RSU9
2, RSU9
2, RSU9
2, RSU9
2, RSU9
2, RSU9
2, RSU9
2, RSU9
2, RSU9
2, RSU9
2, RSU9
2, RSU9
2, RSU9
2, RSU9
2, RSU9
2, RSU9
2, RSU9
2, RSU9
2, RSU9
2, RSU9
2, RSU9
2, RSU9
2, RSU9
2, RSU9
2, RSU9
2, RSU9
2, RSU9
2, RSU9
2, RSU9
2, RSU9
2, RSU9
2, RSU9
2, RSU9
2, RSU9
2, RSU9
2, RSU9
2, RSU9
2, RSU9
2, RSU9
2, RSU9
2, RSU9
2, RSU9
2, RSU9
2, RSU9
2, RSU9
2, RSU9
2, RSU9
2, RSU9
2, RSU9
2, RSU9
2, RSU9
2, RSU9
2, RSU9
2, RSU9
2, RSU9
2, RSU9
2, RSU9
2, RSU9
2, RSU9
2, RSU9
2, RSU9
2, RSU8
2, RSU8
2, RSU8
2, RSU8
2, RSU8
2, RSU8
2, RSU8
2, RSU8
2, RSU8
2, RSU8
2, RSU8
2, RSU8
2, RSU8
2, RSU8
2, RSU8
2, RSU8
2, RSU8
2, RSU8
2, RSU8
2, RSU8
2, RSU8
2, RSU8
2, RSU8
2, RSU8
2, RSU8
2, RSU8
2, RSU8
2, RSU8
2, RSU8
2, RSU8
2, RSU8
2, RSU8
2, RSU8
2, RSU8
2, RSU8
2, RSU3
2, RSU3
2, RSU3
2, RSU3
2, RSU3
2, RSU3
2, RSU3
2, RSU3
2, RSU3
2, RSU3
2, RSU3
2, RSU3
2, RSU3
2, RSU3
2, RSU3
2, RSU3
2, RSU3
2, RSU3
2, RSU3
2, RSU3
2, RSU3
2, RSU3
2, RSU3
2, RSU3
2, RSU3
2, RSU8
2, RSU8
2, RSU8
2, RSU8
2, RSU8
2, RSU8
2, RSU8
2, RSU8
2, RSU8
2, RSU8
2, RSU8
2, RSU8
2, RSU8
2, RSU8
2, RSU8
2, RSU8
2, RSU8
2, RSU8
2, RSU8
2, RSU8
2, RSU8
2, RSU8
2, RSU8
2, RSU8
2, RSU8
2, RSU8
2, RSU8
2, RSU8
2, RSU8
2, RSU8
2, RSU8
2, RSU8
2, RSU8
2, RSU8
2, RSU8
2, RSU8
2, RSU8
2, RSU8
2, RSU8
2, RSU8
2, RSU8
2, RSU8
2, RSU8
2, RSU8
2, RSU8
2, RSU8
2, RSU8
2, RSU8
2, RSU8
2, RSU8
2, RSU8
2, RSU8
2, RSU8
2, RSU8
2, RSU8
2, RSU8
2, RSU8
2, RSU8
2, RSU8
2, RSU8
2, RSU8
2, RSU8
2, RSU8
2, RSU8
2, RSU8
2, RSU8
2, RSU8
2, RSU8
2, RSU8
2, RSU8
2, RSU8
2, RSU8
2, RSU8
2, RSU8
2, RSU8
2, RSU8
2, RSU8
2, RSU8
2, RSU8
2, RSU8
2, RSU8
2, RSU8
2, RSU8
2, RSU8
2, RSU8
2, RSU8
2, RSU8
2, RSU8
2, RSU8
2, RSU8
2, RSU8
2, RSU8
2, RSU8
2, RSU8
2, RSU8
2, RSU8
2, RSU8
2, RSU8
2, RSU8
2, RSU8
2, RSU8
2, RSU8
2, RSU8
2, RSU8
2, RSU8
2, RSU8
2, RSU8
2, RSU8
2, RSU8
2, RSU8
2, RSU8
2, RSU8
2, RSU9
2, RSU9
2, RSU9
2, RSU9
2, RSU9
2, RSU9
2, RSU9
2, RSU9
2, RSU9
2, RSU9
2, RSU9
2, RSU9
2, RSU9
2, RSU9
2, RSU9
2, RSU9
2, RSU9
2, RSU9
2, RSU9
2, RSU9
2, RSU9
2, RSU9
2, RSU8
2, RSU8
2, RSU8
2, RSU8
2, RSU8
2, RSU8
2, RSU8
2, RSU8
2, RSU8
2, RSU8
2, RSU8
2, RSU8
2, RSU8
2, RSU8
2, RSU8
2, RSU8
2, RSU8
2, RSU8
2, RSU8
2, RSU8
2, RSU8
2, RSU8
2, RSU8
2, RSU8
2, RSU8
2, RSU8
2, RSU8
2, RSU8
2, RSU8
2, RSU8
2, RSU8
2, RSU8
2, RSU8
2, RSU8
2, RSU8
2, RSU8
2, RSU8
2, RSU8
2, RSU8
2, RSU8
2, RSU8
2, RSU8
2, RSU3
2, RSU3
2, RSU3
2, RSU3
2, RSU3
2, RSU3
2, RSU3
2, RSU3
2, RSU3
2, RSU3
2, RSU3
2, RSU3
2, RSU3
2, RSU3
2, RSU3
2, RSU3
2, RSU3
2, RSU3
2, RSU3
2, RSU3
2, RSU3
2, RSU3
2, RSU3
2, RSU2
2, RSU2
2, RSU2
2, RSU2
2, RSU2
2, RSU2
2, RSU2
2, RSU2
2, RSU2
2, RSU2
2, RSU2
2, RSU2
2, RSU2
2, RSU2
2, RSU2
2, RSU2
2, RSU2
2, RSU2
2, RSU2
2, RSU2
2, RSU2
2, RSU2
2, RSU2
2, RSU2
2, RSU2
2, RSU2
2, RSU2
2, RSU2
2, RSU2
2, RSU2
2, RSU2
2, RSU2
2, RSU2
2, RSU2
2, RSU2
2, RSU2
2, RSU2
2, RSU2
2, RSU2
2, RSU2
2, RSU2
2, RSU2
2, RSU2
2, RSU2
2, RSU2
2, RSU2
2, RSU2
2, RSU2
2, RSU2
2, RSU2
2, RSU2
2, RSU2
2, RSU2
2, RSU2
2, RSU2
2, RSU2
2, RSU2
2, RSU2
2, RSU2
2, RSU2
2, RSU2
2, RSU2
2, RSU2
2, RSU2
2, RSU2
2, RSU2
2, RSU2
2, RSU3
2, RSU3
2, RSU3
2, RSU3
2, RSU3
2, RSU3
2, RSU3
2, RSU3
2, RSU3
2, RSU3
2, RSU3
2, RSU3
2, RSU3
2, RSU3
2, RSU3
2, RSU3
2, RSU3
2, RSU3
2, RSU3
2, RSU3
2, RSU3
2, RSU3
2, RSU3
2, RSU3
2, RSU3
2, RSU3
2, RSU3
2, RSU3
2, RSU3
2, RSU3
2, RSU3
2, RSU3
2, RSU3
2, RSU3
2, RSU3
2, RSU3
2, RSU3
2, RSU3
2, RSU3
2, RSU3
2, RSU3
2, RSU3
2, RSU3
2, RSU3
2, RSU3
2, RSU3
2, RSU3
2, RSU3
2, RSU3
2, RSU3
2, RSU3
2, RSU3
2, RSU3
2, RSU3
2, RSU3
2, RSU3
2, RSU3
2, RSU3
2, RSU3
2, RSU3
2, RSU3
2, RSU3
2, RSU3
2, RSU3
2, RSU9
2, RSU9
2, RSU9
2, RSU9
2, RSU9
2, RSU9
2, RSU9
2, RSU9
2, RSU9
2, RSU9
2, RSU9
2, RSU9
2, RSU9
2, RSU9
2, RSU9
2, RSU9
2, RSU9
2, RSU9
2, RSU9
2, RSU9
2, RSU9
2, RSU9
2, RSU9
2, RSU9
2, RSU9
2, RSU9
2, RSU9
2, RSU9
2, RSU9
2, RSU9
2, RSU9
2, RSU9
2, RSU9
2, RSU9
2, RSU9
2, RSU9
2, RSU9
2, RSU9
2, RSU9
2, RSU9
2, RSU9
2, RSU9
2, RSU9
2, RSU9
2, RSU9
2, RSU9
2, RSU9
2, RSU9
2, RSU9
2, RSU9
2, RSU9
2, RSU9
2, RSU9
2, RSU9
2, RSU9
2, RSU9
2, RSU9
2, RSU9
2, RSU9
2, RSU9
2, RSU9
2, RSU9
2, RSU9
2, RSU9
2, RSU9
2, RSU9
2, RSU9
2, RSU9
2, RSU9
2, RSU9
2, RSU9
2, RSU9
2, RSU9
2, RSU9
2, RSU9
2, RSU9
2, RSU9
2, RSU9
2, RSU9
2, RSU9
2, RSU9
2, RSU9
2, RSU9
2, RSU9
2, RSU9
2, RSU9
2, RSU9
2, RSU9
2, RSU9
2, RSU9
2, RSU9
2, RSU9
2, RSU9
2, RSU9
2, RSU9
2, RSU9
2, RSU9
2, RSU9
2, RSU9
2, RSU9
2, RSU9
2, RSU9
2, RSU9
2, RSU9
2, RSU9
2, RSU9
2, RSU9
2, RSU9
2, RSU9
2, RSU9
2, RSU9
2, RSU9
2, RSU9
2, RSU9
2, RSU9
2, RSU15
2, RSU15
2, RSU15
2, RSU15
2, RSU15
2, RSU15
2, RSU15
2, RSU15
2, RSU15
2, RSU15
2, RSU15
2, RSU15
2, RSU15
2, RSU15
2, RSU15
2, RSU15
2, RSU15
2, RSU15
2, RSU15
2, RSU15
2, RSU15
2, RSU15
2, RSU15
2, RSU15
2, RSU15
2, RSU15
2, RSU15
2, RSU15
2, RSU15
2, RSU15
2, RSU15
2, RSU15
2, RSU15
2, RSU15
2, RSU15
2, RSU15
2, RSU15
2, RSU15
2, RSU15
2, RSU15
2, RSU15
2, RSU15
2, RSU15
2, RSU15
2, RSU15
2, RSU15
2, RSU15
2, RSU15
2, RSU15
2, RSU15
2, RSU15
2, RSU15
2, RSU15
2, RSU15
2, RSU15
2, RSU20
2, RSU20
2, RSU20
2, RSU20
2, RSU20
2, RSU25
2, RSU25
2, RSU25
2, RSU25
2, RSU25
2, RSU25
2, RSU25
2, RSU25
2, RSU25
2, RSU25
2, RSU25
2, RSU25
2, RSU25
2, RSU25
2, RSU25
2, RSU25
2, RSU25
2, RSU25
2, RSU25
2, RSU25
2, RSU25
2, RSU25
2, RSU25
2, RSU25
2, RSU25
2, RSU25
2, RSU25
2, RSU25
2, RSU29
2, RSU29
2, RSU29
2, RSU29
2, RSU29
2, RSU29
2, RSU29
2, RSU29
2, RSU29
2, RSU31
2, RSU31
2, RSU31
2, RSU31
2, RSU31
2, RSU31
2, RSU29
2, RSU29
2, RSU29
2, RSU29
2, RSU29
2, RSU29
2, RSU29
2, RSU29
2, RSU29
2, RSU29
2, RSU29
2, RSU29
2, RSU29
2, RSU29
2, RSU29
2, RSU29
2, RSU29
2, RSU29
2, RSU29
2, RSU29
2, RSU29
2, RSU29
2, RSU29
2, RSU29
2, RSU29
2, RSU29
2, RSU29
2, RSU29
2, RSU29
2, RSU29
2, RSU29
2, RSU29
2, RSU29
2, RSU29
2, RSU29
2, RSU29
2, RSU29
2, RSU29
2, RSU29
2, RSU29
2, RSU29
2, RSU29
2, RSU29
2, RSU29
2, RSU29
2, RSU29
2, RSU29
2, RSU29
2, RSU29
2, RSU29
2, RSU29
2, RSU29
2, RSU29
2, RSU29
2, RSU29
2, RSU29
2, RSU29
2, RSU29
2, RSU29
2, RSU29
2, RSU29
2, RSU29
2, RSU29
2, RSU29
2, RSU29
2, RSU29
2, RSU29
2, RSU29
2, RSU29
2, RSU29
